"BÃ¡nh mÃ¬ shop nÃ y ngon dÃ£ man, pate thÆ¡m, thá»‹t nÆ°á»›ng Ä‘áº­m vá»‹, giÃ¡ cÃ³ 25k mÃ  Ä‘áº§y Ãº á»¥, sáº½ á»§ng há»™ dÃ i dÃ i nha ğŸ¥°"
"Huhu bÃ¡nh croissant matcha mua trÃªn Shopee bá»‹ chua chua, cháº¯c Ä‘á»ƒ lÃ¢u quÃ¡, shop kiá»ƒm tra láº¡i hÃ ng Ä‘i áº¡ ğŸ˜¢"
"BÃ¡nh quy bÆ¡ thÆ¡m láº¯m, Äƒn giÃ²n tan, mua 3 há»™p giáº£m giÃ¡ trÃªn Tiki, ship cÅ©ng nhanh, Ä‘Ã¡ng tiá»n nÃ¨!"
"Äáº·t trÃ  sá»¯a trÃªn Grab mÃ  giao lá»™n topping, gá»i shop thÃ¬ ko ai nghe, bá»±c mÃ¬nh ghÃª ğŸ˜¤"
"BÃ¡nh bÃ´ng lan trá»©ng muá»‘i ngon xá»‰u, kem má»‹n, trá»©ng muá»‘i bÃ©o bÃ©o, Ä‘áº·t qua Lazada giao Ä‘Ãºng háº¹n, 10 Ä‘iá»ƒm!"
"Mua bÃ¡nh trÃ¡ng trá»™n trÃªn TikTok Shop, cay xÃ¨ lÆ°á»¡i, mÃ  gÃ³i nhá» xÃ­u, tÆ°á»Ÿng nhiá»u hÆ¡n, hÆ¡i tháº¥t vá»ng nha"
"CÃ  phÃª phin shop nÃ y Ä‘áº­m vá»‹, thÆ¡m ná»©c, Ä‘Ã³ng gÃ³i cáº©n tháº­n, mua trÃªn Sendo láº§n nÃ o cÅ©ng Æ°ng!"
"BÃ¡nh ngá»t mua vá» Äƒn bá»‹ khÃ´, nhÃ¢n kem Ã­t xá»‹t, quáº£ng cÃ¡o thÃ¬ lung linh, shop Æ¡i cáº£i thiá»‡n nha ğŸ˜•"
"Äáº·t bÃºn bÃ² Huáº¿ qua Baemin, nÆ°á»›c dÃ¹ng ngon, thá»‹t má»m, mÃ  hÆ¡i Ã­t topping, giÃ¡ 60k thÃ¬ táº¡m á»•n"
"Mua bÃ¡nh trung thu nhÃ¢n Ä‘áº­u xanh, ngon láº¯m, vá» bÃ¡nh má»m, ngá»t vá»«a, shop gÃ³i quÃ  Ä‘áº¹p, cáº£m Æ¡n nha ğŸ¥®"
"Snack khoai tÃ¢y chiÃªn vá»‹ phÃ´ mai ngon, giÃ²n rá»¥m, mua trÃªn Shopee cÃ³ voucher giáº£m giÃ¡, thÃ­ch quÃ¡!"
"Huhu Ä‘áº·t bÃ¡nh kem sinh nháº­t mÃ  giao trá»… 2 tiáº¿ng, bÃ¡nh bá»‹ cháº£y háº¿t, shop bá»“i thÆ°á»ng Ä‘i áº¡ ğŸ˜­"
"BÃ¡nh mÃ¬ cháº£o á»Ÿ Ä‘Ã¢y ngon, trá»©ng á»‘p la bÃ©o, pate nhÃ  lÃ m, giÃ¡ 35k lÃ  quÃ¡ há»i, recommend nha!"
"Mua trÃ  Ä‘Ã o cam sáº£ mÃ  ngá»t gáº¯t cá»•, uá»‘ng 2 ngá»¥m lÃ  bá», shop xem láº¡i cÃ´ng thá»©c Ä‘i áº¡"
"BÃ¡nh donut nhÃ¢n socola má»m xá»‘p, ngá»t vá»«a, mua trÃªn Tiki giao nhanh, Äƒn hoÃ i khÃ´ng ngÃ¡n!"
"Äáº·t chÃ¨ bÆ°á»Ÿi qua Now mÃ  giao chÃ¨ Ä‘áº­u xanh, gá»i há»i thÃ¬ shop báº£o nháº§m, chÃ¡n vÃ£i ğŸ˜‘"
"BÃ¡nh bao kim sa ngon xá»‰u, nhÃ¢n cháº£y bÃ©o ngáº­y, mua trÃªn Lazada cÃ²n Ä‘Æ°á»£c táº·ng thÃªm 1 cÃ¡i, yÃªu shop!"
"Mua káº¹o dáº»o trÃ¡i cÃ¢y trÃªn TikTok Shop, má»m, thÆ¡m, mÃ  ship lÃ¢u quÃ¡, Ä‘á»£i cáº£ tuáº§n láº­n"
"BÃ¡nh phá»Ÿ khÃ´ ngon, dai, náº¥u bÃ² kho lÃ  háº¿t sáº£y, mua trÃªn Sendo giÃ¡ ráº», sáº½ mua ná»¯a!"
"BÃ¡nh flan mua vá» bá»‹ bá»ƒ háº¿t, Ä‘Ã³ng gÃ³i sÆ¡ sÃ i, shop kiá»ƒm tra láº¡i cÃ¡ch ship hÃ ng nha ğŸ˜£"
"BÃ¡nh mÃ¬ pate gan thÆ¡m, pate má»‹n, rau tÆ°Æ¡i, giÃ¡ 20k mÃ  cháº¥t lÆ°á»£ng, á»§ng há»™ shop dÃ i!"
"Äáº·t cÃ  phÃª sá»¯a mÃ  giao cÃ  phÃª Ä‘en, shop Æ¡i check láº¡i Ä‘Æ¡n cáº©n tháº­n giÃ¹m em ğŸ˜…"
"BÃ¡nh tiramisu ngon, kem má»‹n, cÃ  phÃª tháº¥m Ä‘á»u, mua trÃªn Shopee giÃ¡ ok, Ä‘Ã¡ng thá»­ nha!"
"Mua bÃ¡nh quy socola mÃ  bá»‹ má»‘c, date cÃ²n xa mÃ  sao váº­y, shop giáº£i thÃ­ch Ä‘i áº¡ ğŸ˜ "
"TrÃ  sá»¯a trÃ¢n chÃ¢u Ä‘Æ°á»ng Ä‘en ngon, trÃ¢n chÃ¢u dai giÃ²n, Ä‘áº·t qua Grab giao nhanh, mÃª ly!"
"BÃ¡nh chÆ°ng shop nÃ y ngon, Ä‘áº­u xanh bÃ©o, thá»‹t má»¡ vá»«a Ä‘á»§, gÃ³i cáº©n tháº­n, 10/10!"
"Mua snack rong biá»ƒn mÃ  bá»‹ má»m, cháº¯c Ä‘á»ƒ lÃ¢u, shop kiá»ƒm tra hÃ ng tá»“n kho Ä‘i nha"
"BÃ¡nh su kem nhÃ¢n custard má»m, kem bÃ©o, mua trÃªn Lazada cÃ³ deal há»i, Äƒn lÃ  ghiá»n!"
"Äáº·t phá»Ÿ bÃ² mÃ  giao phá»Ÿ gÃ , shop Æ¡i lÃ m Äƒn kiá»ƒu gÃ¬ váº­y, bá»±c cáº£ ngÆ°á»i ğŸ˜¤"
"BÃ¡nh mÃ¬ trá»©ng á»‘p la ngon, trá»©ng bÃ©o, sá»‘t mayonnaise nhÃ  lÃ m, giÃ¡ 15k quÃ¡ ráº»!"
"Mua trÃ  chanh mÃ  chua quÃ¡, uá»‘ng khÃ´ng ná»•i, shop xem láº¡i tá»‰ lá»‡ pha Ä‘i áº¡"
"BÃ¡nh macaron Ä‘á»§ mÃ u, nhÃ¢n má»©t trÃ¡i cÃ¢y thÆ¡m, mua trÃªn Tiki Ä‘Ã³ng gÃ³i xá»‹n, thÃ­ch láº¯m!"
"BÃ¡nh khoai chiÃªn mua trÃªn Shopee bá»‹ á»‰u, cháº¯c ship xa, láº§n sau cáº£i thiá»‡n nha shop"
"BÃ¡nh cuá»‘n nhÃ¢n thá»‹t nÆ°á»›ng ngon, vá» bÃ¡nh má»ng, cháº¥m nÆ°á»›c máº¯m Ä‘áº­m Ä‘Ã , á»§ng há»™ shop!"
"Äáº·t sá»¯a tÆ°Æ¡i Ä‘Æ°á»ng Ä‘en mÃ  giao sá»¯a chua, shop check láº¡i Ä‘Æ¡n hÃ ng giÃ¹m em ğŸ˜“"
"BÃ¡nh cookies háº¡nh nhÃ¢n giÃ²n tan, thÆ¡m bÃ©o, mua trÃªn Lazada giÃ¡ tá»‘t, sáº½ mua láº¡i!"
"Mua káº¹o cá»©ng vá»‹ cam mÃ  cá»©ng nhÆ° Ä‘Ã¡, cáº¯n Ä‘au cáº£ rÄƒng, shop xem láº¡i cháº¥t lÆ°á»£ng nha"
"BÃ¡nh gá»‘i nhÃ¢n thá»‹t ngon, vá» giÃ²n, nhÃ¢n Ä‘áº§y, mua trÃªn Sendo giao nhanh, Æ°ng bá»¥ng!"
"Äáº·t bÃ¡nh kem mÃ  kem bá»‹ cháº£y, giao trá»…, shop bá»“i thÆ°á»ng hay giáº£i thÃ­ch gÃ¬ Ä‘i áº¡ ğŸ˜¢"
"BÃ¡nh mÃ¬ bÆ¡ tá»i phÃ´ mai ngon, thÆ¡m ná»©c, mua trÃªn TikTok Shop giÃ¡ ráº», Ä‘Ã¡ng mua!"
"Mua trÃ  sá»¯a mÃ  trÃ¢n chÃ¢u bá»‹ dai, uá»‘ng khÃ´ng ngon, shop cáº£i thiá»‡n nha ğŸ˜•"
"BÃ¡nh choux nhÃ¢n vani má»m, kem ngá»t vá»«a, mua trÃªn Shopee cÃ³ voucher, quÃ¡ há»i!"
"Äáº·t bÃºn riÃªu mÃ  giao bÃºn bÃ², shop lÃ m Äƒn kiá»ƒu gÃ¬ váº­y, láº§n cuá»‘i mua nha ğŸ˜£"
"BÃ¡nh quy trÃ  xanh thÆ¡m, giÃ²n, mua trÃªn Tiki giao Ä‘Ãºng háº¹n, Äƒn hoÃ i khÃ´ng chÃ¡n!"
"Mua snack má»±c khÃ´ mÃ  máº·n chÃ¡t, Äƒn khÃ´ng ná»•i, shop kiá»ƒm tra láº¡i hÃ ng Ä‘i áº¡"
"BÃ¡nh flan socola bÃ©o, ngá»t vá»«a, mua trÃªn Lazada Ä‘Ã³ng gÃ³i cáº©n tháº­n, thÃ­ch láº¯m!"
"Äáº·t cÃ  phÃª mÃ  giao trÃ , shop Æ¡i cáº©n tháº­n hÆ¡n Ä‘Æ°á»£c khÃ´ng, bá»±c mÃ¬nh ghÃª ğŸ˜‘"
"BÃ¡nh mÃ¬ káº¹p thá»‹t nÆ°á»›ng ngon, thá»‹t Æ°á»›p Ä‘áº­m Ä‘Ã , rau tÆ°Æ¡i, giÃ¡ 30k lÃ  á»•n!"
"Mua bÃ¡nh donut mÃ  nhÃ¢n Ã­t xá»‹t, quáº£ng cÃ¡o thÃ¬ nhiá»u, shop cáº£i thiá»‡n nha ğŸ˜•"
"BÃ¡nh bao chay ngon, nhÃ¢n rau cá»§ tÆ°Æ¡i, mua trÃªn Sendo giÃ¡ ráº», sáº½ á»§ng há»™ tiáº¿p!"
"BÃ¡nh mÃ¬ pate shop nÃ y ngon xá»‰u, pate nhÃ  lÃ m bÃ©o ngáº­y, thá»‹t nÆ°á»›ng thÆ¡m lá»«ng, rau tÆ°Æ¡i rÃ³i, Äƒn lÃ  mÃª há»“n luÃ´n ğŸ¥° 25k mÃ  cháº¥t lÆ°á»£ng hÆ¡n nhÃ  hÃ ng!"
"Huhu Ä‘áº·t bÃ¡nh kem sinh nháº­t trÃªn Shopee mÃ  giao bÃ¡nh bá»ƒ nÃ¡t, kem cháº£y nhÆ° suá»‘i, shop Æ¡i lÃ m Äƒn váº­y há»ng cáº£ tiá»‡c cá»§a tui ğŸ˜­"
"TrÃ  sá»¯a trÃ¢n chÃ¢u Ä‘Æ°á»ng Ä‘en ngon dÃ£ man, trÃ¢n chÃ¢u dai giÃ²n sáº§n sáº­t, Ä‘áº·t qua Grab giao nhanh nhÆ° chá»›p, 10/10 nha shop! ğŸ§‹"
"Mua bÃ¡nh trÃ¡ng trá»™n trÃªn TikTok Shop, quáº£ng cÃ¡o thÃ¬ ngon, nháº­n vá» cay xÃ¨ lÆ°á»¡i, tÃ³p má»¡ Ã´i thiu, tháº¥t vá»ng toÃ n táº­p ğŸ˜¤"
"BÃ¡nh bÃ´ng lan trá»©ng muá»‘i mua trÃªn Lazada ngon quÃªn lá»‘i vá», kem má»‹n, trá»©ng muá»‘i bÃ©o bÃ¹i, Äƒn lÃ  ghiá»n, ship cÅ©ng siÃªu láº¹!"
"CÃ  phÃª phin Ä‘áº­m vá»‹, thÆ¡m ná»©c mÅ©i, Ä‘Ã³ng gÃ³i xá»‹n, mua trÃªn Tiki láº§n nÃ o cÅ©ng Æ°ng, Ä‘Ãºng chuáº©n cÃ  phÃª máº¹ pha! â˜•"
"BÃ¡nh quy socola bá»‹ má»‘c meo, date cÃ²n xa mÃ  sao váº­y, shop kiá»ƒm tra hÃ ng tá»“n kho Ä‘i, tui sá»£ láº¯m luÃ´n ğŸ˜–"
"BÃ¡nh chÆ°ng nhÃ¢n thá»‹t Ä‘áº­u xanh ngon bÃ¡ chÃ¡y, dáº»o thÆ¡m, gÃ³i cháº¯c tay, mua trÃªn Sendo cho Táº¿t mÃ  cáº£ nhÃ  khen ná»©c ná»Ÿ ğŸ¥®"
"Äáº·t bÃºn bÃ² Huáº¿ qua Baemin, nÆ°á»›c dÃ¹ng Ä‘áº­m Ä‘Ã , thá»‹t má»m, mÃ  topping lÃ¨o tÃ¨o, giÃ¡ 70k thÃ¬ hÆ¡i chÃ¡t nha ğŸ˜•"
"BÃ¡nh macaron Ä‘á»§ mÃ u, nhÃ¢n má»©t trÃ¡i cÃ¢y thÆ¡m phá»©c, mua trÃªn Shopee cÃ²n Ä‘Æ°á»£c táº·ng thÃªm cÃ¡i, yÃªu shop quÃ¡ trá»i! ğŸŒˆ"
"Mua snack khoai tÃ¢y chiÃªn vá»‹ phÃ´ mai, tÆ°á»Ÿng ngon, ai ngá» máº·n chÃ¡t, Äƒn 2 miáº¿ng lÃ  bá», shop xem láº¡i cÃ´ng thá»©c Ä‘i áº¡ ğŸ˜‘"
"BÃ¡nh mÃ¬ cháº£o nÃ³ng há»•i, trá»©ng á»‘p la bÃ©o, pate nhÃ  lÃ m, giÃ¡ 30k mÃ  ngon hÆ¡n quÃ¡n xá»‹n, recommend máº¡nh nÃ¨! ğŸ³"
"TrÃ  Ä‘Ã o cam sáº£ ngá»t gáº¯t cá»•, uá»‘ng 1 ngá»¥m lÃ  ngÃ¡n, shop Æ¡i pha láº¡i Ä‘i, tui thÃ¨m trÃ  Ä‘Ã o mÃ  há»ng vibe ğŸ˜¢"
"BÃ¡nh donut nhÃ¢n custard má»m xá»‘p, ngá»t vá»«a miá»‡ng, mua trÃªn Lazada cÃ³ deal há»i, Äƒn hoÃ i khÃ´ng chÃ¡n luÃ´n! ğŸ©"
"Äáº·t phá»Ÿ bÃ² qua Now mÃ  giao phá»Ÿ gÃ , gá»i shop há»i thÃ¬ báº£o nháº§m, lÃ m Äƒn kiá»ƒu gÃ¬ váº­y trá»i, bá»±c háº¿t cáº£ ngÆ°á»i ğŸ˜¤"
"BÃ¡nh bao kim sa cháº£y bÃ©o ngáº­y, vá» bÃ¡nh má»m, mua trÃªn Tiki cÃ²n Ä‘Æ°á»£c táº·ng trÃ  sá»¯a, shop nÃ y chiá»u khÃ¡ch ghÃª! ğŸ¥Ÿ"
"Mua káº¹o dáº»o vá»‹ trÃ¡i cÃ¢y trÃªn TikTok Shop, má»m thÆ¡m, nhÆ°ng ship lÃ¢u hÆ¡n crush tráº£ lá»i tin nháº¯n, Ä‘á»£i mÃ²n má»i luÃ´n ğŸ˜…"
"BÃ¡nh phá»Ÿ khÃ´ dai ngon, náº¥u bÃ² kho lÃ  háº¿t sáº£y, mua trÃªn Sendo giÃ¡ ráº», cáº£ nhÃ  tui mÃª tÃ­t!"
"BÃ¡nh flan bá»‹ bá»ƒ tan nÃ¡t, Ä‘Ã³ng gÃ³i sÆ¡ sÃ i, shop Æ¡i ship hÃ ng kiá»ƒu gÃ¬ mÃ  tui nháº­n Ä‘Æ°á»£c Ä‘á»‘ng vá»¥n váº­y ğŸ˜£"
"BÃ¡nh mÃ¬ káº¹p thá»‹t nÆ°á»›ng thÆ¡m lá»«ng, thá»‹t Æ°á»›p Ä‘áº­m Ä‘Ã , rau tÆ°Æ¡i, giÃ¡ 20k mÃ  ngon hÆ¡n tiá»‡m sang, á»§ng há»™ hoÃ i! ğŸ¥ª"
"Äáº·t cÃ  phÃª sá»¯a mÃ  giao cÃ  phÃª Ä‘en, shop check láº¡i Ä‘Æ¡n cáº©n tháº­n giÃ¹m tui, sÃ¡ng sá»›m mÃ  bá»±c mÃ¬nh ghÃª ğŸ˜•"
"BÃ¡nh tiramisu má»m má»‹n, cÃ  phÃª tháº¥m Ä‘á»u, mua trÃªn Shopee giÃ¡ siÃªu há»i, Äƒn lÃ  mÃª, táº·ng shop 100 tim! â¤ï¸"
"Mua bÃ¡nh trung thu nhÃ¢n tháº­p cáº©m, quáº£ng cÃ¡o thÃ¬ ngon, Äƒn vÃ o cá»©ng nhÆ° Ä‘Ã¡, nhÃ¢n máº·n, shop bá»“i thÆ°á»ng Ä‘i áº¡ ğŸ˜ "
"TrÃ  sá»¯a matcha trÃ¢n chÃ¢u tráº¯ng ngon xá»‰u, matcha Ä‘áº­m vá»‹, trÃ¢n chÃ¢u má»m, Ä‘áº·t qua Grab Ä‘Ãºng chuáº©n tui thÃ­ch! ğŸ¥¤"
"BÃ¡nh gá»‘i nhÃ¢n thá»‹t chiÃªn giÃ²n rá»¥m, nhÃ¢n Ä‘áº§y Ãº á»¥, mua trÃªn Lazada giao nhanh, Äƒn lÃ  ghiá»n luÃ´n nÃ¨!"
"Mua snack rong biá»ƒn mÃ  má»m nhÅ©n, cháº¯c Ä‘á»ƒ lÃ¢u, shop kiá»ƒm tra hÃ ng Ä‘i, tui mua Äƒn váº·t mÃ  chÃ¡n ghÃª ğŸ˜"
"BÃ¡nh su kem nhÃ¢n vani bÃ©o ngáº­y, vá» bÃ¡nh má»m, mua trÃªn Tiki cÃ³ voucher, Äƒn ngon quÃªn cáº£ cÃ¢n náº·ng! ğŸ˜"
"Äáº·t bÃºn riÃªu cua mÃ  giao bÃºn cháº£, shop lÃ m Äƒn kiá»ƒu gÃ¬ váº­y, tui Ä‘Ã³i mÃ  cÃ²n bá»±c, láº§n cuá»‘i mua nha ğŸ˜£"
"BÃ¡nh mÃ¬ trá»©ng á»‘p la giÃ¡ 15k mÃ  ngon bÃ¡ chÃ¡y, trá»©ng bÃ©o, sá»‘t nhÃ  lÃ m, tui Äƒn má»—i ngÃ y luÃ´n! ğŸ³"
"Mua trÃ  chanh mÃ  chua nhÆ° giáº¥m, uá»‘ng khÃ´ng ná»•i, shop xem láº¡i cÃ´ng thá»©c Ä‘i, tui tháº¥t vá»ng quÃ¡ ğŸ˜¢"
"BÃ¡nh cookies bÆ¡ háº¡nh nhÃ¢n giÃ²n tan, thÆ¡m ná»©c, mua trÃªn Shopee giÃ¡ ráº», Äƒn lÃ  mÃª, sáº½ mua dÃ i dÃ i!"
"Mua káº¹o cá»©ng vá»‹ dÃ¢u mÃ  cá»©ng nhÆ° gáº¡ch, cáº¯n Ä‘au cáº£ hÃ m, shop kiá»ƒm tra cháº¥t lÆ°á»£ng sp Ä‘i áº¡ ğŸ˜–"
"BÃ¡nh cuá»‘n nhÃ¢n tÃ´m thá»‹t ngon, vá» bÃ¡nh má»ng, nÆ°á»›c cháº¥m Ä‘áº­m Ä‘Ã , mua trÃªn Sendo Ä‘Ãºng chuáº©n quÃª nhÃ ! ğŸ¥Ÿ"
"Äáº·t sá»¯a tÆ°Æ¡i Ä‘Æ°á»ng Ä‘en mÃ  giao sá»¯a chua uá»‘ng, shop Æ¡i cáº©n tháº­n hÆ¡n, tui mong trÃ  sá»¯a mÃ  há»¥t háº«ng ğŸ˜“"
"BÃ¡nh choux nhÃ¢n socola má»m xá»‘p, kem bÃ©o, mua trÃªn Lazada Ä‘Ã³ng gÃ³i xá»‹n, Äƒn lÃ  háº¡nh phÃºc luÃ´n! ğŸ«"
"Äáº·t bÃ¡nh xÃ¨o mÃ  giao bÃ¡nh bÃ¨o, shop kiá»ƒm tra Ä‘Æ¡n hÃ ng giÃ¹m tui, tui Ä‘áº·t Äƒn tá»‘i mÃ  há»ng háº¿t vibe ğŸ˜‘"
"BÃ¡nh quy matcha thÆ¡m lá»«ng, giÃ²n rá»¥m, mua trÃªn Tiki giao Ä‘Ãºng háº¹n, Äƒn ngon quÃªn cáº£ deadline! ğŸµ"
"Mua snack má»±c khÃ´ mÃ  máº·n nhÆ° muá»‘i biá»ƒn, nhai khÃ´ng ná»•i, shop xem láº¡i hÃ ng Ä‘i, tui tiáº¿c tiá»n láº¯m ğŸ˜•"
"BÃ¡nh flan cÃ  phÃª bÃ©o má»‹n, ngá»t vá»«a, mua trÃªn Shopee gÃ³i cáº©n tháº­n, Ä‘Ãºng chuáº©n tui thÃ­ch! â˜•"
"Äáº·t trÃ  sá»¯a mÃ  giao lá»™n topping, trÃ¢n chÃ¢u dai nhÆ° cao su, shop cáº£i thiá»‡n Ä‘i, tui buá»“n ghÃª ğŸ˜¢"
"BÃ¡nh mÃ¬ bÆ¡ tá»i phÃ´ mai thÆ¡m ná»©c, phÃ´ mai kÃ©o sá»£i, mua trÃªn TikTok Shop giÃ¡ há»i, ngon xá»‰u! ğŸ§€"
"Mua bÃ¡nh khoai chiÃªn mÃ  á»‰u xÃ¬u, cháº¯c ship xa, shop Ä‘Ã³ng gÃ³i ká»¹ hÆ¡n nha, tui mong Äƒn ngon mÃ  ğŸ˜"
"BÃ¡nh bao chay nhÃ¢n rau cá»§ tÆ°Æ¡i ngon, vá» bÃ¡nh má»m, mua trÃªn Sendo giÃ¡ ráº», cáº£ nhÃ  tui mÃª!"
"Äáº·t bÃ¡nh kem mÃ  kem cháº£y háº¿t, giao trá»… 3 tiáº¿ng, shop bá»“i thÆ°á»ng hay xin lá»—i gÃ¬ Ä‘i, tui bá»±c láº¯m ğŸ˜¤"
"BÃ¡nh donut nhÃ¢n má»©t dÃ¢u má»m xá»‘p, ngá»t dá»‹u, mua trÃªn Lazada cÃ³ deal, Äƒn lÃ  ghiá»n luÃ´n! ğŸ“"
"Mua trÃ  sá»¯a mÃ  ngá»t nhÆ° Ä‘Æ°á»ng hÃ³a há»c, uá»‘ng 2 ngá»¥m lÃ  bá», shop xem láº¡i cÃ´ng thá»©c Ä‘i áº¡ ğŸ˜£"
"BÃ¡nh gáº¡o lá»©t Äƒn kiÃªng ngon, giÃ²n, khÃ´ng ngÃ¡n, mua trÃªn Tiki giao nhanh, team giáº£m cÃ¢n approve! ğŸŒ¾"
"Äáº·t phá»Ÿ gÃ  mÃ  giao phá»Ÿ bÃ², shop lÃ m Äƒn kiá»ƒu gÃ¬ váº­y, tui Ä‘Ã³i mÃ  cÃ²n bá»±c, khÃ´ng mua ná»¯a ğŸ˜‘"
"BÃ¡nh mÃ¬ pate gan thÆ¡m, pate má»‹n, rau tÆ°Æ¡i, giÃ¡ 18k mÃ  ngon hÆ¡n tiá»‡m xá»‹n, á»§ng há»™ hoÃ i! ğŸ¥ª"
"Mua snack tÃ´m khÃ´ mÃ  hÃ´i dáº§u, Äƒn khÃ´ng ná»•i, shop kiá»ƒm tra hÃ ng Ä‘i, tui tháº¥t vá»ng ghÃª ğŸ˜•"
"BÃ¡nh bÃ´ng lan phÃ´ mai Nháº­t Báº£n má»m xá»‘p, bÃ©o bÃ¹i, mua trÃªn Shopee gÃ³i Ä‘áº¹p, Äƒn lÃ  mÃª! ğŸ§"
"Äáº·t cÃ  phÃª mÃ  giao trÃ  Ä‘Ã o, shop check Ä‘Æ¡n cáº©n tháº­n giÃ¹m tui, sÃ¡ng sá»›m mÃ  há»ng mood ğŸ˜“"
"BÃ¡nh mÃ¬ káº¹p cháº£ lá»¥a ngon, cháº£ thÆ¡m, rau tÆ°Æ¡i, giÃ¡ 20k mÃ  cháº¥t lÆ°á»£ng, tui Äƒn má»—i ngÃ y! ğŸ¥ª"
"Mua bÃ¡nh quy trÃ  earl grey mÃ  khÃ´ nhÆ° bÃ¡nh mÃ¬ cÅ©, shop cáº£i thiá»‡n cháº¥t lÆ°á»£ng nha ğŸ˜¢"
"BÃ¡nh chÃ¨ bÆ°á»Ÿi ngá»t thanh, bÆ°á»Ÿi thÆ¡m, mua trÃªn Lazada giao nhanh, Ä‘Ãºng chuáº©n mÃ¹a hÃ¨! ğŸ¥£"
"Äáº·t bÃºn bÃ² mÃ  giao bÃºn riÃªu, shop lÃ m Äƒn kiá»ƒu gÃ¬ váº­y, tui Ä‘áº·t Äƒn trÆ°a mÃ  bá»±c cáº£ ngÃ y ğŸ˜¤"
"BÃ¡nh mochi nhÃ¢n Ä‘áº­u Ä‘á» má»m dáº»o, ngá»t vá»«a, mua trÃªn Tiki cÃ³ deal, Äƒn lÃ  ghiá»n luÃ´n! ğŸ¡"
"Mua snack khoai lang chiÃªn mÃ  má»m nhÅ©n, cháº¯c Ä‘á»ƒ lÃ¢u, shop kiá»ƒm tra hÃ ng Ä‘i, tui tiáº¿c tiá»n ğŸ˜"
"BÃ¡nh mÃ¬ chay nhÃ¢n náº¥m ngon, náº¥m tÆ°Æ¡i, sá»‘t Ä‘áº­m Ä‘Ã , mua trÃªn Sendo giÃ¡ ráº», á»§ng há»™ tiáº¿p! ğŸŒ±"
"Äáº·t trÃ  sá»¯a mÃ  giao lá»™n size, gá»i shop khÃ´ng nghe, shop Æ¡i lÃ m Äƒn cáº©n tháº­n hÆ¡n nha ğŸ˜£"
"BÃ¡nh tiramisu matcha má»m má»‹n, matcha Ä‘áº­m vá»‹, mua trÃªn Shopee giÃ¡ há»i, Äƒn lÃ  mÃª! ğŸµ"
"Mua káº¹o dáº»o vá»‹ xoÃ i mÃ  chua quÃ¡, Äƒn khÃ´ng ná»•i, shop xem láº¡i sp Ä‘i, tui tháº¥t vá»ng ghÃª ğŸ˜•"
"BÃ¡nh bao nhÃ¢n thá»‹t trá»©ng cÃºt ngon, nhÃ¢n Ä‘áº§y, vá» má»m, mua trÃªn Lazada giao nhanh, 10/10! ğŸ¥Ÿ"
"Äáº·t bÃ¡nh kem mÃ  giao bÃ¡nh bÃ´ng lan, shop kiá»ƒm tra Ä‘Æ¡n hÃ ng giÃ¹m tui, tui bá»±c láº¯m ğŸ˜¤"
"BÃ¡nh quy bÆ¡ sá»¯a giÃ²n tan, thÆ¡m ná»©c, mua trÃªn Tiki cÃ³ voucher, Äƒn ngon quÃªn cáº£ lo Ã¢u! ğŸ¥›"
"Mua snack báº¯p rang bÆ¡ mÃ  hÃ´i dáº§u, Äƒn khÃ´ng ngon, shop kiá»ƒm tra cháº¥t lÆ°á»£ng nha ğŸ˜¢"
"BÃ¡nh xÃ¨o nhÃ¢n tÃ´m thá»‹t giÃ²n rá»¥m, cháº¥m nÆ°á»›c máº¯m tháº§n thÃ¡nh, mua trÃªn Sendo Ä‘Ãºng chuáº©n miá»n TÃ¢y! ğŸ¥Ÿ"
"Äáº·t cÃ  phÃª mÃ  giao lá»™n, shop Æ¡i cáº©n tháº­n hÆ¡n, tui mong ly cÃ  phÃª mÃ  nháº­n trÃ  sá»¯a ğŸ˜“"
"BÃ¡nh mÃ¬ káº¹p bÃ² nÆ°á»›ng ngon, bÃ² má»m, sá»‘t nhÃ  lÃ m, giÃ¡ 30k mÃ  ngon hÆ¡n tiá»‡m xá»‹n, mÃª luÃ´n! ğŸ¥ª"
"Mua bÃ¡nh flan mÃ  bá»‹ bá»ƒ, Ä‘Ã³ng gÃ³i sÆ¡ sÃ i, shop cáº£i thiá»‡n cÃ¡ch ship nha, tui buá»“n ghÃª ğŸ˜"
"BÃ¡nh donut nhÃ¢n trÃ  xanh má»m, kem matcha bÃ©o, mua trÃªn Shopee giÃ¡ ráº», Äƒn lÃ  ghiá»n! ğŸµ"
"Äáº·t phá»Ÿ bÃ² mÃ  giao phá»Ÿ chay, shop lÃ m Äƒn kiá»ƒu gÃ¬ váº­y, tui Ä‘Ã³i mÃ  bá»±c, khÃ´ng mua ná»¯a ğŸ˜‘"
"BÃ¡nh mÃ¬ pate trá»©ng ngon, pate thÆ¡m, trá»©ng bÃ©o, giÃ¡ 15k mÃ  cháº¥t lÆ°á»£ng, á»§ng há»™ hoÃ i! ğŸ¥ª"
"Mua snack rong biá»ƒn mÃ  máº·n chÃ¡t, nhai khÃ´ng ná»•i, shop kiá»ƒm tra hÃ ng Ä‘i, tui tiáº¿c tiá»n ğŸ˜•"
"BÃ¡nh bÃ´ng lan cam má»m xá»‘p, thÆ¡m lá»«ng, mua trÃªn Lazada gÃ³i Ä‘áº¹p, Äƒn lÃ  mÃª! ğŸŠ"
"Äáº·t trÃ  sá»¯a mÃ  giao lá»™n topping, trÃ¢n chÃ¢u dai nhÆ° nhá»±a, shop cáº£i thiá»‡n nha, tui buá»“n ğŸ˜¢"
"BÃ¡nh bao nhÃ¢n gÃ  náº¥m ngon, nhÃ¢n Ä‘áº§y, vá» má»m, mua trÃªn Sendo giÃ¡ ráº», cáº£ nhÃ  tui mÃª! ğŸ¥Ÿ"
"Äáº·t bÃ¡nh kem mÃ  giao trá»… 4 tiáº¿ng, bÃ¡nh cháº£y háº¿t, shop bá»“i thÆ°á»ng Ä‘i, tui bá»±c láº¯m ğŸ˜¤"
"BÃ¡nh quy socola chip giÃ²n tan, ngá»t vá»«a, mua trÃªn Tiki cÃ³ deal, Äƒn ngon quÃªn cáº£ lo Ã¢u! ğŸ«"
"Mua snack tÃ´m chiÃªn mÃ  má»m nhÅ©n, cháº¯c Ä‘á»ƒ lÃ¢u, shop kiá»ƒm tra hÃ ng Ä‘i, tui tháº¥t vá»ng ghÃª ğŸ˜"
"BÃ¡nh chÃ¨ sáº§u riÃªng ngá»t bÃ©o, sáº§u riÃªng thÆ¡m, mua trÃªn Lazada giao nhanh, Ä‘Ãºng chuáº©n team mÃª sáº§u! ğŸ¥£"
"Äáº·t bÃºn riÃªu mÃ  giao bÃºn cháº£, shop kiá»ƒm tra Ä‘Æ¡n hÃ ng giÃ¹m tui, tui bá»±c cáº£ ngÃ y ğŸ˜£"
"BÃ¡nh mochi nhÃ¢n socola má»m dáº»o, ngá»t dá»‹u, mua trÃªn Shopee giÃ¡ há»i, Äƒn lÃ  mÃª! ğŸ«"
"Mua káº¹o dáº»o vá»‹ nho mÃ  chua quÃ¡, Äƒn khÃ´ng ngon, shop xem láº¡i sp Ä‘i, tui tiáº¿c tiá»n ğŸ˜•"
"BÃ¡nh mÃ¬ káº¹p cháº£ cÃ¡ ngon, cháº£ cÃ¡ dai, rau tÆ°Æ¡i, giÃ¡ 20k mÃ  ngon hÆ¡n tiá»‡m sang, á»§ng há»™ hoÃ i! ğŸ¥ª"
"Äáº·t cÃ  phÃª mÃ  giao trÃ  chanh, shop cáº©n tháº­n hÆ¡n nha, tui mong cÃ  phÃª mÃ  há»ng mood ğŸ˜“"
"BÃ¡nh tiramisu cÃ  phÃª má»m má»‹n, cÃ  phÃª Ä‘áº­m vá»‹, mua trÃªn Tiki giÃ¡ ráº», Äƒn lÃ  ghiá»n! â˜•"
"Mua snack khoai tÃ¢y chiÃªn mÃ  hÃ´i dáº§u, Äƒn khÃ´ng ná»•i, shop kiá»ƒm tra cháº¥t lÆ°á»£ng nha ğŸ˜¢"
"BÃ¡nh xÃ¨o nhÃ¢n má»±c giÃ²n rá»¥m, cháº¥m nÆ°á»›c máº¯m cay, mua trÃªn Sendo Ä‘Ãºng chuáº©n miá»n TÃ¢y! ğŸ¥Ÿ"
"Äáº·t trÃ  sá»¯a mÃ  giao lá»™n, shop kiá»ƒm tra Ä‘Æ¡n cáº©n tháº­n giÃ¹m tui, tui bá»±c láº¯m ğŸ˜¤"
"BÃ¡nh mÃ¬ pate gan thÆ¡m, pate má»‹n, rau tÆ°Æ¡i, giÃ¡ 18k mÃ  ngon hÆ¡n tiá»‡m xá»‹n, á»§ng há»™ hoÃ i! ğŸ¥ª"
"Mua bÃ¡nh quy bÆ¡ mÃ  khÃ´ nhÆ° bÃ¡nh mÃ¬ cÅ©, shop cáº£i thiá»‡n cháº¥t lÆ°á»£ng nha, tui buá»“n ghÃª ğŸ˜"
"BÃ¡nh chÃ¨ Ä‘áº­u Ä‘á» ngá»t thanh, Ä‘áº­u má»m, mua trÃªn Lazada giao nhanh, Ä‘Ãºng chuáº©n mÃ¹a hÃ¨! ğŸ¥£"
"Äáº·t bÃºn bÃ² mÃ  giao bÃºn riÃªu, shop lÃ m Äƒn kiá»ƒu gÃ¬ váº­y, tui Ä‘Ã³i mÃ  bá»±c, khÃ´ng mua ná»¯a ğŸ˜‘"
"BÃ¡nh quy Orion giÃ²n tan, bÃ©o thÆ¡m, Äƒn hoÃ i khÃ´ng ngÃ¡n, 10/10 luÃ´n nha! ğŸ˜"
"Káº¹o dáº»o Haribo ngon xá»‰u, mÃ  giÃ¡ cáº¯t cá»•, mua 1 láº§n thÃ´i chá»© xÃ³t vÃ­ ğŸ˜­"
"TrÃ  sá»¯a Gong Cha topping ngáº­p máº·t, trÃ¢n chÃ¢u dai giÃ²n, nhÆ°ng Ä‘á»£i lÃ¢u quÃ¡, bá»±c cáº£ mÃ¬nh ğŸ˜¤"
"BÃ¡nh mÃ¬ pate Cá»™t Äiá»‡n thÆ¡m ná»©c mÅ©i, pate bÃ©o ngáº­y, giÃ¡ ráº» mÃ  cháº¥t lÆ°á»£ng Ä‘á»‰nh cao! ğŸ’¯"
"Sá»¯a chua Vinamilk bÃ¬nh thÆ°á»ng, cháº£ cÃ³ gÃ¬ Ä‘áº·c biá»‡t, uá»‘ng cho cÃ³ thÃ´i ğŸ˜"
"BÃ¡nh trung thu Kinh ÄÃ´ xá»‹n sÃ², nhÃ¢n tháº­p cáº©m ngon mÃª, há»™p Ä‘áº¹p lung linh, táº·ng quÃ  lÃ  sá»‘ 1! ğŸ"
"Kem TrÃ ng Tiá»n vá»‹ dá»«a thÆ¡m lá»«ng, nhÆ°ng tan nhanh quÃ¡, chÆ°a Äƒn Ä‘Ã£ cháº£y háº¿t ğŸ˜“"
"Pepsi mÃ¡t láº¡nh, gas sá»§i tÄƒm, nhÆ°ng ngá»t gáº¯t kinh khá»§ng, uá»‘ng nhiá»u ngÃ¡n láº¯m ğŸ˜…"
"Snack Layâ€™s phÃ´ mai ngon bÃ¡ chÃ¡y, Äƒn 1 láº§n lÃ  ghiá»n, khÃ´ng dá»«ng Ä‘Æ°á»£c luÃ´n! ğŸ”¥"
"MÃ¬ Omachi dai ngon, sÃºp Ä‘áº­m Ä‘Ã , nhÆ°ng gÃ³i nhá» xÃ­u, Äƒn chÆ°a no gÃ¬ háº¿t ğŸ˜£"
"Káº¹o sá»¯a Chupa Chups ngá»t dá»‹u, nhÆ°ng vá» bá»c dÃ­nh cháº·t, má»Ÿ muá»‘n gÃ£y tay ğŸ˜¤"
"Phá»Ÿ bÃ² HÃ  Ná»™i nÆ°á»›c dÃ¹ng ngá»t thanh, thá»‹t bÃ² má»m, thÆ¡m ná»©c, Äƒn lÃ  nhá»› mÃ£i! ğŸ˜‹"
"CÃ  phÃª Highlands Ä‘áº¯t Ä‘á» mÃ  uá»‘ng cháº£ khÃ¡c cÃ  phÃª lon, tháº¥t vá»ng toÃ n táº­p ğŸ˜"
"BÃ¡nh bao Thá» PhÃ¡t nÃ³ng há»•i, nhÃ¢n Ä‘áº§y Ãº á»¥, Äƒn sÃ¡ng tiá»‡n mÃ  ngon tuyá»‡t! ğŸ‘"
"Red Bull uá»‘ng tá»‰nh tÃ¡o, nhÆ°ng vá»‹ Ä‘áº¯ng Ä‘áº¯ng, khÃ´ng há»£p gu mÃ¬nh láº¯m ğŸ˜"
"BÃ¡nh flan nhÃ  lÃ m má»‹n nhÆ° lá»¥a, caramel ngá»t vá»«a, Ä‘áº·t hoÃ i khÃ´ng chÃ¡n! ğŸ˜"
"Má»©t Táº¿t Bibica vá»‹ gá»«ng cay xÃ¨, khÃ´ng ngon nhÆ° quáº£ng cÃ¡o, tiáº¿c tiá»n ghÃª ğŸ˜£"
"TrÃ  Ä‘Ã o Cá»™ng chua ngá»t cÃ¢n báº±ng, Ä‘Ã o tÆ°Æ¡i giÃ²n, nhÆ°ng giÃ¡ hÆ¡i chÃ¡t ğŸ˜…"
"BÃ¡nh pÃ­a SÃ³c TrÄƒng dáº»o thÆ¡m, nhÃ¢n sáº§u riÃªng bÃ©o ngáº­y, Äƒn lÃ  nhá»› quÃª! ğŸ¥°"
"Sá»¯a tÆ°Æ¡i TH True Milk thÆ¡m, bÃ©o, nhÆ°ng há»™p 1 lÃ­t uá»‘ng hoÃ i khÃ´ng háº¿t ğŸ˜¬"
"BÃ¡nh quy Cosy gÃ³i to, giÃ¡ ráº», nhÆ°ng khÃ´ khá»‘c, pháº£i uá»‘ng nÆ°á»›c liÃªn tá»¥c ğŸ˜•"
"CÆ¡m táº¥m SÃ i GÃ²n sÆ°á»n nÆ°á»›ng thÆ¡m lá»«ng, nÆ°á»›c máº¯m tháº§n thÃ¡nh, Äƒn hoÃ i khÃ´ng ngÃ¡n! ğŸ˜"
"NÆ°á»›c Ã©p Cáº§u Äáº¥t tÆ°Æ¡i mÃ¡t, nhÆ°ng giao hÃ ng lÃ¢u, chá» mÃ²n má»i luÃ´n ğŸ˜¤"
"BÃ¡nh chÆ°ng lÃ ng DÃ²ng dáº»o, nhÃ¢n Ä‘áº­u xanh bÃ¹i, gÃ³i Ä‘áº¹p, Táº¿t nÃ y pháº£i Ä‘áº·t tiáº¿p! ğŸ‰"
"Kem á»‘c quáº¿ Wallâ€™s ngon, giÃ¡ ráº», nhÆ°ng ngá»t quÃ¡, Äƒn nhiá»u hÆ¡i ngáº¥y ğŸ˜…"
"BÃ¡nh mÃ¬ Há»™i An giÃ²n rá»¥m, nhÃ¢n Ä‘áº§y, Äƒn 1 cÃ¡i no cÄƒng bá»¥ng! ğŸ˜‹"
"MÃ¬ cay HÃ n Quá»‘c cay tháº­t, nhÆ°ng cay kiá»ƒu khÃ´ng Ä‘Ã£, Äƒn xong há»¥t háº«ng ğŸ˜£"
"ChÃ¨ bÃ  Ba ngá»t thanh, Ä‘áº­u xanh bÃ¹i, Äƒn mÃ¡t ruá»™t ngÃ y hÃ¨! â˜€ï¸"
"Socola Marou Ä‘áº­m vá»‹, bao bÃ¬ sang xá»‹n, nhÆ°ng giÃ¡ cao, mua 1 láº§n cho biáº¿t ğŸ˜¬"
"Khoai chiÃªn KFC giÃ²n, nÃ³ng, nhÆ°ng Ä‘á»£i lÃ¢u, nhÃ¢n viÃªn cháº­m cháº¡p ğŸ˜•"
"TrÃ  sá»¯a PhÃºc Long thÆ¡m ná»©c, topping Ä‘a dáº¡ng, Ä‘Ã¡ng Ä‘á»“ng tiá»n bÃ¡t gáº¡o! ğŸ˜"
"BÃ¡nh donut J.CO má»m má»‹n, ngá»t vá»«a, nhÆ°ng giÃ¡ hÆ¡i chÃ¡t so vá»›i kÃ­ch cá»¡ ğŸ˜…"
"NÆ°á»›c mÃ­a Ä‘Æ°á»ng phá»‘ ngá»t lá»‹m, thÃªm táº¯c uá»‘ng Ä‘Ã£ khÃ¡t, giÃ¡ ráº» bÃ¨o! ğŸ¥¤"
"Káº¹o Alpenliebe ngá»t, nhÆ°ng Äƒn vÃ i cÃ¡i ngÃ¡n, cháº£ cÃ³ gÃ¬ Ä‘áº·c biá»‡t ğŸ˜"
"BÃ¡nh xÃ¨o miá»n TÃ¢y giÃ²n tan, nhÃ¢n tÃ´m thá»‹t Ä‘áº§y, nÆ°á»›c máº¯m ngon háº¿t sáº£y! ğŸ˜‹"
"CÃ  phÃª G7 Ä‘áº­m, nhÆ°ng pha ngá»t quÃ¡, khÃ´ng há»£p gu ngÆ°á»i thÃ­ch Ä‘áº¯ng ğŸ˜•"
"BÃ¡nh tÃ©t lÃ¡ cáº©m dáº»o, mÃ u Ä‘áº¹p, nhÃ¢n chuá»‘i ngá»t lá»‹m, Táº¿t Äƒn lÃ  nháº¥t! ğŸ"
"Sá»¯a chua náº¿p cáº©m bÃ©o, náº¿p dáº»o, nhÆ°ng Ã­t náº¿p quÃ¡, hÆ¡i há»¥t háº«ng ğŸ˜…"
"BÃ¡nh trÃ¡ng trá»™n cay cay, topping Ä‘áº§y Ä‘á»§, Äƒn váº·t lÃ  mÃª ly luÃ´n! ğŸ˜"
"MÃ¬ Háº£o Háº£o ngon, nhÆ°ng gÃ³i nhá», Äƒn 2 gÃ³i má»›i Ä‘á»§ no, báº¥t tiá»‡n ghÃª ğŸ˜£"
"BÃºn bÃ² Huáº¿ thÆ¡m ná»©c, nÆ°á»›c dÃ¹ng cay tÃª lÆ°á»¡i, thá»‹t bÃ² má»m, Ä‘á»‰nh cao! ğŸ”¥"
"Kem Merino bÃ©o, nhÆ°ng vá»‹ nháº¡t, Äƒn bÃ¬nh thÆ°á»ng, khÃ´ng áº¥n tÆ°á»£ng ğŸ˜"
"BÃ¡nh ngá»t Tous Les Jours má»m, kem tÆ°Æ¡i ngon, nhÆ°ng giÃ¡ chÃ¡y tÃºi ğŸ˜¬"
"TrÃ  xanh C2 thanh mÃ¡t, giÃ¡ ráº», uá»‘ng giáº£i nhiá»‡t mÃ¹a hÃ¨ lÃ  Ä‘á»‰nh! ğŸŒ¿"
"BÃ¡nh mÃ¬ que ÄÃ  Náºµng giÃ²n tan, pate bÃ©o, Äƒn váº·t siÃªu há»£p! ğŸ˜‹"
"Sá»¯a Ä‘áº­u nÃ nh Fami thÆ¡m, nhÆ°ng loÃ£ng, khÃ´ng Ä‘áº­m vá»‹ nhÆ° quáº£ng cÃ¡o ğŸ˜•"
"BÃ¡nh cá»‘m HÃ  Ná»™i dáº»o thÆ¡m, ngá»t dá»‹u, mua lÃ m quÃ  lÃ  chuáº©n bÃ i! ğŸ"
"Sting uá»‘ng tá»‰nh tÃ¡o, nhÆ°ng ngá»t gáº¯t, uá»‘ng nhiá»u ngáº¥y láº¯m ğŸ˜…"
"BÃ¡nh phá»Ÿ khÃ´ dai, náº¥u láº©u hay xÃ o Ä‘á»u ngon, tiá»‡n lá»£i cá»±c! ğŸ‘"
"Káº¹o dá»«a Báº¿n Tre ngá»t, dá»«a thÆ¡m, nhÆ°ng dÃ­nh rÄƒng kinh khá»§ng ğŸ˜£"
"CÆ¡m chiÃªn dÆ°Æ¡ng chÃ¢u tÆ¡i, trá»©ng má»m, tÃ´m tÆ°Æ¡i, Äƒn lÃ  ghiá»n! ğŸ˜"
"BÃ¡nh quy LU giÃ²n, thÆ¡m, nhÆ°ng giÃ¡ nháº­p kháº©u cao, mua Ã­t thÃ´i ğŸ˜…"
"TrÃ  sá»¯a Ding Tea ngon, nhÆ°ng Ã­t trÃ , toÃ n vá»‹ sá»¯a, hÆ¡i tháº¥t vá»ng ğŸ˜•"
"BÃ¡nh cháº£ Quáº£ng NgÃ£i ngá»t, nhÃ¢n Ä‘áº­u xanh bÃ¹i, Äƒn lÃ  nhá»› quÃª! ğŸ¥°"
"NÆ°á»›c Ã©p dá»©a tÆ°Æ¡i, ngá»t tá»± nhiÃªn, nhÆ°ng Ä‘Ã¡ nhiá»u, uá»‘ng cÃ³ tÃ­ xÃ­u ğŸ˜¬"
"BÃ¡nh giáº§y giÃ² dáº»o, giÃ² lá»¥a thÆ¡m, Äƒn sÃ¡ng tiá»‡n mÃ  ngon! ğŸ˜‹"
"Socola KitKat ngá»t, bÃ¡nh xá»‘p giÃ²n, nhÆ°ng Äƒn nhanh ngÃ¡n ğŸ˜…"
"BÃºn riÃªu cua chua thanh, cua nhiá»u, topping Ä‘áº§y Ä‘á»§, 10 Ä‘iá»ƒm! ğŸŒŸ"
"Snack Oishi vá»‹ tÃ´m chÃ¡y tá»i ngon, nhÆ°ng gÃ³i nhá» xÃ­u, Äƒn chÆ°a Ä‘Ã£ ğŸ˜£"
"CÃ  phÃª Trung NguyÃªn Ä‘áº­m Ä‘Ã , thÆ¡m lá»«ng, pha phin Ä‘Ãºng chuáº©n VN! â˜•"
"Kem chuá»‘i nhÃ  lÃ m bÃ©o, ngá»t, nhÆ°ng hÆ¡i cá»©ng, Äƒn má»i hÃ m ğŸ˜…"
"BÃ¡nh cuá»‘n Thanh TrÃ¬ má»ng, nhÃ¢n thá»‹t náº¥m thÆ¡m, cháº¥m máº¯m ngon tÃª! ğŸ˜"
"NÆ°á»›c sÃ¢m bá»• lÆ°á»£ng mÃ¡t, nhÆ°ng ngá»t quÃ¡, uá»‘ng xong khÃ¡t hÆ¡n ğŸ˜•"
"BÃ¡nh bÃ¨o Huáº¿ má»m, tÃ´m chÃ¡y thÆ¡m, nÆ°á»›c máº¯m cay Ä‘Ãºng Ä‘iá»‡u! ğŸ˜‹"
"TrÃ  sá»¯a TocoToco ngon, nhÆ°ng topping Ã­t, giÃ¡ hÆ¡i cao ğŸ˜¬"
"BÃ¡nh ráº¿ Phan Thiáº¿t giÃ²n tan, ngá»t dá»‹u, Äƒn váº·t lÃ  sá»‘ 1! ğŸ˜"
"MÃ¬ Shin Ramyun cay ngon, nhÆ°ng cay xÃ© há»ng, yáº¿u bá»¥ng khÃ´ng chá»‹u ná»•i ğŸ˜£"
"CÆ¡m gÃ  Há»™i An thÆ¡m, gÃ  dai, nÆ°á»›c cháº¥m tháº§n thÃ¡nh, Äƒn lÃ  nhá»›! ğŸ˜‹"
"Sá»¯a chua mÃ­t bÃ©o, mÃ­t ngá»t, nhÆ°ng Ã­t mÃ­t quÃ¡, hÆ¡i tiáº¿c ğŸ˜…"
"BÃ¡nh mÃ¬ trá»©ng á»‘p la nÃ³ng giÃ²n, trá»©ng bÃ©o, giÃ¡ ráº» mÃ  ngon! ğŸ‘"
"Káº¹o Ä‘áº­u phá»™ng ngá»t, Ä‘áº­u phá»™ng thÆ¡m, nhÆ°ng dÃ­nh rÄƒng, Äƒn má»‡t ğŸ˜¬"
"Phá»Ÿ gÃ  HÃ  Ná»™i thanh, thá»‹t gÃ  má»m, Äƒn sÃ¡ng lÃ  háº¿t Ã½! ğŸ˜"
"NÆ°á»›c cam Ã©p tÆ°Æ¡i, nhÆ°ng chua quÃ¡, pha tÃ­ Ä‘Æ°á»ng thÃ¬ ngon hÆ¡n ğŸ˜"
"BÃ¡nh Æ°á»›t thá»‹t nÆ°á»›ng má»m, thá»‹t nÆ°á»›ng thÆ¡m, nÆ°á»›c máº¯m ngon, 5 sao! ğŸŒŸ"
"TrÃ  sá»¯a The Alley Ä‘áº­m, nhÆ°ng trÃ¢n chÃ¢u cá»©ng, khÃ´ng ngon nhÆ° ká»³ vá»ng ğŸ˜•"
"BÃ¡nh da lá»£n dáº»o, ngá»t thanh, mÃ u Ä‘áº¹p, Äƒn lÃ  mÃª! ğŸ˜‹"
"Socola M&Mâ€™s ngon, nhÆ°ng gÃ³i nhá» mÃ  giÃ¡ Ä‘áº¯t, mua Ã­t thÃ´i ğŸ˜…"
"BÃºn cháº£ HÃ  Ná»™i thÆ¡m, cháº£ nÆ°á»›ng ngon, nÆ°á»›c máº¯m chuáº©n vá»‹! ğŸ˜"
"Snack Poca giÃ²n, vá»‹ ngon, nhÆ°ng gÃ³i bÃ©, Äƒn vÃ i miáº¿ng háº¿t ğŸ˜£"
"CÃ  phÃª Ä‘en Ä‘Ã¡ Ä‘áº­m, Ä‘áº¯ng Ä‘Ãºng gu, uá»‘ng sÃ¡ng tá»‰nh cáº£ ngÆ°á»i! â˜•"
"BÃ¡nh flan caramel má»‹n, ngá»t vá»«a, nhÆ°ng hÆ¡i nhá» so vá»›i giÃ¡ ğŸ˜…"
"BÃ¡nh mÃ¬ káº¹p thá»‹t giÃ²n, thá»‹t nÆ°á»›ng thÆ¡m, giÃ¡ ráº» ngon! ğŸ‘"
"NÆ°á»›c Ã©p tÃ¡o tÆ°Æ¡i, nhÆ°ng ngá»t quÃ¡, pha loÃ£ng thÃ¬ ngon hÆ¡n ğŸ˜•"
"BÃ¡nh chÆ°ng ráº¿ giÃ²n, nhÃ¢n Ä‘áº­u xanh bÃ¹i, Táº¿t Äƒn lÃ  há»£p! ğŸ‰"
"TrÃ  sá»¯a R&B ngon, nhÆ°ng topping Ã­t, giÃ¡ hÆ¡i cao ğŸ˜¬"
"BÃ¡nh táº±m bÃ¬ dáº»o, bÃ¬ thÆ¡m, nÆ°á»›c cá»‘t dá»«a bÃ©o, mÃª ly! ğŸ˜"
"Kem Cornetto ngon, nhÆ°ng bÃ¡nh á»‘c quáº¿ má»m, khÃ´ng giÃ²n ğŸ˜£"
"CÆ¡m chiÃªn háº£i sáº£n tÆ¡i, háº£i sáº£n tÆ°Æ¡i, Äƒn lÃ  ghiá»n! ğŸ˜‹"
"Sá»¯a chua trÃ¡i cÃ¢y bÃ©o, trÃ¡i cÃ¢y tÆ°Æ¡i, nhÆ°ng Ã­t topping ğŸ˜…"
"BÃ¡nh mÃ¬ cháº£ cÃ¡ giÃ²n, cháº£ cÃ¡ thÆ¡m, giÃ¡ ráº» ngon! ğŸ‘"
"Káº¹o trÃ¡i cÃ¢y Lotte ngá»t, nhÆ°ng vá»‹ nhÃ¢n táº¡o, khÃ´ng ngon láº¯m ğŸ˜•"
"BÃºn thá»‹t nÆ°á»›ng thÆ¡m, thá»‹t má»m, nÆ°á»›c máº¯m ngon, Ä‘á»‰nh! ğŸŒŸ"
"NÆ°á»›c chanh dÃ¢y chua ngá»t, nhÆ°ng Ä‘Ã¡ nhiá»u, uá»‘ng Ã­t quÃ¡ ğŸ˜¬"
"BÃ¡nh bá»™t lá»c Huáº¿ dai, nhÃ¢n tÃ´m thá»‹t, nÆ°á»›c máº¯m cay tÃª! ğŸ˜"
"TrÃ  sá»¯a Gong Cha ngon, nhÆ°ng giao lÃ¢u, trÃ  nguá»™i háº¿t ğŸ˜£"
"BÃ¡nh su kem má»m, kem bÃ©o, Äƒn lÃ  ghiá»n luÃ´n! ğŸ˜‹"
"Socola Ferrero Rocher ngon, bao bÃ¬ sang, nhÆ°ng giÃ¡ chÃ¡t ğŸ˜…"
"Phá»Ÿ bÃ² Nam Äá»‹nh thÆ¡m, nÆ°á»›c dÃ¹ng ngá»t, thá»‹t má»m, Ä‘á»‰nh! ğŸ˜"
"Snack Orion giÃ²n, vá»‹ ngon, nhÆ°ng gÃ³i nhá», Äƒn chÆ°a Ä‘Ã£ ğŸ˜•"
"CÃ  phÃª Ä‘en Ä‘Ã¡ Ä‘áº­m, Ä‘áº¯ng Ä‘Ãºng gu, uá»‘ng sÃ¡ng tá»‰nh ngÆ°á»i! â˜•"
"BÃ¡nh flan nhÃ  lÃ m má»‹n, caramel ngá»t, Äƒn ghiá»n! ğŸ˜‹"
"TrÃ  Ä‘Ã o Cá»™ng tÆ°Æ¡i, chua ngá»t, nhÆ°ng giÃ¡ hÆ¡i cao ğŸ˜¬"
"BÃ¡nh mÃ¬ pate giÃ²n, pate bÃ©o, giÃ¡ ráº» ngon! ğŸ‘"
"NÆ°á»›c Ã©p cam tÆ°Æ¡i, nhÆ°ng chua, pha Ä‘Æ°á»ng ngon hÆ¡n ğŸ˜•"
"BÃ¡nh chÆ°ng lÃ ng DÃ²ng dáº»o, nhÃ¢n Ä‘áº­m Ä‘Ã , Táº¿t pháº£i Ä‘áº·t! ğŸ‰"
"Kem TrÃ ng Tiá»n dá»«a ngon, nhÆ°ng tan nhanh, Äƒn chÆ°a Ä‘Ã£ ğŸ˜£"
"BÃ¡nh pÃ­a SÃ³c TrÄƒng dáº»o, sáº§u riÃªng thÆ¡m, nhá»› quÃª! ğŸ¥°"
"Sá»¯a tÆ°Æ¡i TH True Milk thÆ¡m, bÃ©o, nhÆ°ng há»™p lá»›n, uá»‘ng khÃ´ng háº¿t ğŸ˜…"
"BÃ¡nh quy Cosy giÃ²n, nhÆ°ng khÃ´, pháº£i uá»‘ng nÆ°á»›c nhiá»u ğŸ˜¬"
"CÆ¡m táº¥m SÃ i GÃ²n sÆ°á»n nÆ°á»›ng thÆ¡m, máº¯m ngon! ğŸ˜"
"TrÃ  sá»¯a PhÃºc Long thÆ¡m, topping Ä‘a dáº¡ng, Ä‘Ã¡ng tiá»n! ğŸ˜"
"BÃ¡nh donut J.CO má»m, ngá»t vá»«a, nhÆ°ng giÃ¡ chÃ¡t ğŸ˜…"
"NÆ°á»›c mÃ­a Ä‘Æ°á»ng phá»‘ ngá»t, thÃªm táº¯c, uá»‘ng Ä‘Ã£ khÃ¡t! ğŸ¥¤"
"Káº¹o mÃºt Alpenliebe ngá»t, nhÆ°ng Äƒn vÃ i cÃ¡i ngÃ¡n ğŸ˜"
"BÃ¡nh xÃ¨o miá»n TÃ¢y giÃ²n, tÃ´m thá»‹t Ä‘áº§y, máº¯m ngon! ğŸ˜‹"
"CÃ  phÃª G7 Ä‘áº­m, nhÆ°ng pha ngá»t, khÃ´ng há»£p gu ğŸ˜•"
"BÃ¡nh tÃ©t lÃ¡ cáº©m dáº»o, mÃ u Ä‘áº¹p, nhÃ¢n chuá»‘i ngá»t! ğŸ"
"Sá»¯a chua náº¿p cáº©m bÃ©o, náº¿p dáº»o, nhÆ°ng Ã­t náº¿p ğŸ˜…"
"BÃ¡nh trÃ¡ng trá»™n cay, topping Ä‘áº§y, Äƒn váº·t mÃª ly! ğŸ˜"
"MÃ¬ Háº£o Háº£o ngon, nhÆ°ng gÃ³i nhá», Äƒn 2 gÃ³i má»›i no ğŸ˜£"
"BÃºn bÃ² Huáº¿ thÆ¡m, nÆ°á»›c dÃ¹ng Ä‘áº­m, cay tÃª lÆ°á»¡i! ğŸ”¥"
"Kem Merino bÃ©o, nhÆ°ng vá»‹ nháº¡t, bÃ¬nh thÆ°á»ng ğŸ˜"
"BÃ¡nh ngá»t Tous Les Jours má»m, kem tÆ°Æ¡i ngon, giÃ¡ cao ğŸ˜¬"
"TrÃ  xanh C2 thanh mÃ¡t, giÃ¡ ráº», uá»‘ng giáº£i nhiá»‡t! ğŸŒ¿"
"BÃ¡nh mÃ¬ que ÄÃ  Náºµng giÃ²n, pate bÃ©o, Äƒn váº·t há»£p! ğŸ˜‹"
"Sá»¯a Ä‘áº­u nÃ nh Fami thÆ¡m, nhÆ°ng loÃ£ng, khÃ´ng Ä‘áº­m ğŸ˜•"
"BÃ¡nh cá»‘m HÃ  Ná»™i dáº»o, thÆ¡m, ngá»t dá»‹u, quÃ  chuáº©n! ğŸ"
"Sting tá»‰nh tÃ¡o, nhÆ°ng ngá»t gáº¯t, uá»‘ng nhiá»u ngáº¥y ğŸ˜…"
"BÃ¡nh phá»Ÿ khÃ´ dai, náº¥u láº©u xÃ o ngon! ğŸ‘"
"Káº¹o dá»«a Báº¿n Tre ngá»t, dá»«a thÆ¡m, dÃ­nh rÄƒng ğŸ˜£"
"CÆ¡m chiÃªn dÆ°Æ¡ng chÃ¢u tÆ¡i, trá»©ng má»m, tÃ´m tÆ°Æ¡i, ghiá»n! ğŸ˜"
"BÃ¡nh quy LU giÃ²n, thÆ¡m, giÃ¡ nháº­p kháº©u cao ğŸ˜…"
"TrÃ  sá»¯a Ding Tea ngon, nhÆ°ng Ã­t trÃ , toÃ n sá»¯a ğŸ˜•"
"BÃ¡nh cháº£ Quáº£ng NgÃ£i ngá»t, Ä‘áº­u xanh bÃ¹i, nhá»› quÃª! ğŸ¥°"
"NÆ°á»›c Ã©p dá»©a tÆ°Æ¡i, Ä‘Ã¡ nhiá»u, uá»‘ng Ã­t ğŸ˜¬"
"BÃ¡nh giáº§y giÃ² dáº»o, giÃ² lá»¥a thÆ¡m, Äƒn sÃ¡ng tiá»‡n! ğŸ˜‹"
"Socola KitKat ngá»t, xá»‘p giÃ²n, nhanh ngÃ¡n ğŸ˜…"
"BÃºn riÃªu cua chua thanh, cua nhiá»u, topping Ä‘áº§y! ğŸŒŸ"
"Snack Oishi tÃ´m chÃ¡y tá»i ngon, gÃ³i nhá» ğŸ˜£"
"CÃ  phÃª Trung NguyÃªn Ä‘áº­m, thÆ¡m, Ä‘Ãºng chuáº©n VN! â˜•"
"Kem chuá»‘i nhÃ  lÃ m bÃ©o, ngá»t, hÆ¡i cá»©ng ğŸ˜…"
"BÃ¡nh cuá»‘n Thanh TrÃ¬ má»ng, thá»‹t náº¥m, máº¯m ngon! ğŸ˜"
"NÆ°á»›c sÃ¢m bá»• lÆ°á»£ng mÃ¡t, ngá»t quÃ¡, khÃ¡t hÆ¡n ğŸ˜•"
"BÃ¡nh bÃ¨o Huáº¿ má»m, tÃ´m chÃ¡y, máº¯m cay tÃª! ğŸ˜‹"
"TrÃ  sá»¯a TocoToco ngon, topping Ã­t, giÃ¡ cao ğŸ˜¬"
"BÃ¡nh ráº¿ Phan Thiáº¿t giÃ²n, ngá»t dá»‹u, Äƒn váº·t sá»‘ 1! ğŸ˜"
"MÃ¬ Shin Ramyun cay ngon, cay xÃ© há»ng ğŸ˜£"
"CÆ¡m gÃ  Há»™i An thÆ¡m, gÃ  dai, cháº¥m tháº§n thÃ¡nh! ğŸ˜‹"
"Sá»¯a chua mÃ­t bÃ©o, mÃ­t ngá»t, Ã­t mÃ­t ğŸ˜…"
"BÃ¡nh mÃ¬ trá»©ng á»‘p la nÃ³ng giÃ²n, trá»©ng bÃ©o, ngon! ğŸ‘"
"Káº¹o Ä‘áº­u phá»™ng ngá»t, thÆ¡m, dÃ­nh rÄƒng ğŸ˜¬"
"Phá»Ÿ gÃ  HÃ  Ná»™i thanh, gÃ  má»m, Äƒn sÃ¡ng háº¿t Ã½! ğŸ˜"
"NÆ°á»›c cam Ã©p tÆ°Æ¡i, chua, pha Ä‘Æ°á»ng ngon hÆ¡n ğŸ˜"
"BÃ¡nh Æ°á»›t thá»‹t nÆ°á»›ng má»m, thá»‹t thÆ¡m, máº¯m ngon! ğŸŒŸ"
"TrÃ  sá»¯a The Alley Ä‘áº­m, trÃ¢n chÃ¢u cá»©ng ğŸ˜•"
"BÃ¡nh da lá»£n dáº»o, ngá»t thanh, mÃ u Ä‘áº¹p, mÃª! ğŸ˜‹"
"Socola M&Mâ€™s ngon, gÃ³i nhá» giÃ¡ Ä‘áº¯t ğŸ˜…"
"BÃºn cháº£ HÃ  Ná»™i thÆ¡m, cháº£ nÆ°á»›ng, máº¯m chuáº©n! ğŸ˜"
"Snack Poca giÃ²n, ngon, gÃ³i bÃ©, háº¿t nhanh ğŸ˜£"
"CÃ  phÃª Ä‘en Ä‘Ã¡ Ä‘áº­m, Ä‘áº¯ng gu, sÃ¡ng tá»‰nh! â˜•"
"BÃ¡nh flan caramel má»‹n, ngá»t, nhá» so vá»›i giÃ¡ ğŸ˜…"
"BÃ¡nh mÃ¬ káº¹p thá»‹t giÃ²n, thá»‹t nÆ°á»›ng, giÃ¡ ráº»! ğŸ‘"
"NÆ°á»›c Ã©p tÃ¡o tÆ°Æ¡i, ngá»t, pha loÃ£ng ngon hÆ¡n ğŸ˜•"
"BÃ¡nh chÆ°ng ráº¿ giÃ²n, Ä‘áº­u xanh bÃ¹i, Táº¿t há»£p! ğŸ‰"
"TrÃ  sá»¯a R&B ngon, topping Ã­t, giÃ¡ cao ğŸ˜¬"
"BÃ¡nh táº±m bÃ¬ dáº»o, bÃ¬ thÆ¡m, cá»‘t dá»«a bÃ©o! ğŸ˜"
"Kem Cornetto ngon, á»‘c quáº¿ má»m, khÃ´ng giÃ²n ğŸ˜£"
"CÆ¡m chiÃªn háº£i sáº£n tÆ¡i, háº£i sáº£n tÆ°Æ¡i, ghiá»n! ğŸ˜‹"
"Sá»¯a chua trÃ¡i cÃ¢y bÃ©o, trÃ¡i cÃ¢y tÆ°Æ¡i, Ã­t topping ğŸ˜…"
"BÃ¡nh mÃ¬ cháº£ cÃ¡ giÃ²n, cháº£ thÆ¡m, giÃ¡ ráº»! ğŸ‘"
"Káº¹o trÃ¡i cÃ¢y Lotte ngá»t, vá»‹ nhÃ¢n táº¡o ğŸ˜•"
"BÃºn thá»‹t nÆ°á»›ng thÆ¡m, thá»‹t má»m, máº¯m ngon! ğŸŒŸ"
"NÆ°á»›c chanh dÃ¢y chua ngá»t, Ä‘Ã¡ nhiá»u ğŸ˜¬"
"BÃ¡nh bá»™t lá»c Huáº¿ dai, tÃ´m thá»‹t, máº¯m cay! ğŸ˜"
"TrÃ  sá»¯a Gong Cha ngon, giao lÃ¢u, trÃ  nguá»™i ğŸ˜£"
"BÃ¡nh su kem má»m, kem bÃ©o, ghiá»n luÃ´n! ğŸ˜‹"
"Socola Ferrero Rocher ngon, bao bÃ¬ sang, giÃ¡ chÃ¡t ğŸ˜…"
"Phá»Ÿ bÃ² Nam Äá»‹nh thÆ¡m, nÆ°á»›c ngá»t, thá»‹t má»m! ğŸ˜"
"Snack Orion giÃ²n, ngon, gÃ³i nhá» ğŸ˜•"
"CÃ  phÃª Ä‘en Ä‘Ã¡ Ä‘áº­m, Ä‘áº¯ng gu, sÃ¡ng tá»‰nh! â˜•"
"BÃ¡nh flan nhÃ  lÃ m má»‹n, caramel ngá»t, ghiá»n! ğŸ˜‹"
"TrÃ  Ä‘Ã o Cá»™ng tÆ°Æ¡i, chua ngá»t, giÃ¡ cao ğŸ˜¬"
"BÃ¡nh mÃ¬ pate giÃ²n, pate bÃ©o, giÃ¡ ráº»! ğŸ‘"
"NÆ°á»›c Ã©p cam tÆ°Æ¡i, chua, pha Ä‘Æ°á»ng ngon hÆ¡n ğŸ˜•"
"BÃ¡nh chÆ°ng lÃ ng DÃ²ng dáº»o, nhÃ¢n Ä‘áº­m, Táº¿t Ä‘áº·t! ğŸ‰"
"Kem TrÃ ng Tiá»n dá»«a ngon, tan nhanh ğŸ˜£"
"BÃ¡nh pÃ­a SÃ³c TrÄƒng dáº»o, sáº§u riÃªng, nhá»› quÃª! ğŸ¥°"
"Sá»¯a tÆ°Æ¡i TH True Milk thÆ¡m, bÃ©o, há»™p lá»›n ğŸ˜…"
"BÃ¡nh quy Cosy giÃ²n, khÃ´, uá»‘ng nÆ°á»›c nhiá»u ğŸ˜¬"
"CÆ¡m táº¥m SÃ i GÃ²n sÆ°á»n nÆ°á»›ng, máº¯m ngon! ğŸ˜"
"TrÃ  sá»¯a PhÃºc Long thÆ¡m, topping Ä‘a dáº¡ng! ğŸ˜"
"BÃ¡nh donut J.CO má»m, ngá»t vá»«a, giÃ¡ chÃ¡t ğŸ˜…"
"NÆ°á»›c mÃ­a Ä‘Æ°á»ng phá»‘ ngá»t, táº¯c, Ä‘Ã£ khÃ¡t! ğŸ¥¤"
"Káº¹o mÃºt Alpenliebe ngá»t, vÃ i cÃ¡i ngÃ¡n ğŸ˜"
"BÃ¡nh xÃ¨o miá»n TÃ¢y giÃ²n, tÃ´m thá»‹t, máº¯m ngon! ğŸ˜‹"
"CÃ  phÃª G7 Ä‘áº­m, pha ngá»t, khÃ´ng há»£p ğŸ˜•"
"BÃ¡nh tÃ©t lÃ¡ cáº©m dáº»o, chuá»‘i ngá»t! ğŸ"
"Sá»¯a chua náº¿p cáº©m bÃ©o, Ã­t náº¿p ğŸ˜…"
"BÃ¡nh trÃ¡ng trá»™n cay, topping Ä‘áº§y, mÃª ly! ğŸ˜"
"MÃ¬ Háº£o Háº£o ngon, gÃ³i nhá», 2 gÃ³i no ğŸ˜£"
"BÃºn bÃ² Huáº¿ thÆ¡m, cay tÃª lÆ°á»¡i! ğŸ”¥"
"Kem Merino bÃ©o, vá»‹ nháº¡t, bÃ¬nh thÆ°á»ng ğŸ˜"
"BÃ¡nh ngá»t Tous Les Jours má»m, giÃ¡ cao ğŸ˜¬"
"TrÃ  xanh C2 thanh mÃ¡t, giÃ¡ ráº»! ğŸŒ¿"
"BÃ¡nh mÃ¬ que ÄÃ  Náºµng giÃ²n, pate bÃ©o! ğŸ˜‹"
"Sá»¯a Ä‘áº­u nÃ nh Fami thÆ¡m, loÃ£ng ğŸ˜•"
"BÃ¡nh cá»‘m HÃ  Ná»™i dáº»o, quÃ  chuáº©n! ğŸ"
"Sting tá»‰nh tÃ¡o, ngá»t gáº¯t, ngáº¥y ğŸ˜…"
"BÃ¡nh phá»Ÿ khÃ´ dai, láº©u xÃ o ngon! ğŸ‘"
"Káº¹o dá»«a Báº¿n Tre ngá»t, dÃ­nh rÄƒng ğŸ˜£"
"CÆ¡m chiÃªn dÆ°Æ¡ng chÃ¢u tÆ¡i, tÃ´m tÆ°Æ¡i! ğŸ˜"
"BÃ¡nh quy LU giÃ²n, giÃ¡ nháº­p kháº©u cao ğŸ˜…"
"TrÃ  sá»¯a Ding Tea ngon, Ã­t trÃ  ğŸ˜•"
"BÃ¡nh cháº£ Quáº£ng NgÃ£i ngá»t, nhá»› quÃª! ğŸ¥°"
"NÆ°á»›c Ã©p dá»©a tÆ°Æ¡i, Ä‘Ã¡ nhiá»u ğŸ˜¬"
"BÃ¡nh giáº§y giÃ² dáº»o, Äƒn sÃ¡ng tiá»‡n! ğŸ˜‹"
"Socola KitKat ngá»t, nhanh ngÃ¡n ğŸ˜…"
"BÃºn riÃªu cua chua thanh, topping Ä‘áº§y! ğŸŒŸ"
"Snack Oishi tÃ´m chÃ¡y tá»i, gÃ³i nhá» ğŸ˜£"
"CÃ  phÃª Trung NguyÃªn Ä‘áº­m, Ä‘Ãºng chuáº©n! â˜•"
"Kem chuá»‘i nhÃ  lÃ m bÃ©o, hÆ¡i cá»©ng ğŸ˜…"
"BÃ¡nh cuá»‘n Thanh TrÃ¬ má»ng, máº¯m ngon! ğŸ˜"
"NÆ°á»›c sÃ¢m bá»• lÆ°á»£ng mÃ¡t, ngá»t quÃ¡ ğŸ˜•"
"BÃ¡nh bÃ¨o Huáº¿ má»m, máº¯m cay tÃª! ğŸ˜‹"
"TrÃ  sá»¯a TocoToco ngon, topping Ã­t ğŸ˜¬"
"BÃ¡nh ráº¿ Phan Thiáº¿t giÃ²n, Äƒn váº·t sá»‘ 1! ğŸ˜"
"MÃ¬ Shin Ramyun cay, xÃ© há»ng ğŸ˜£"
"CÆ¡m gÃ  Há»™i An thÆ¡m, cháº¥m tháº§n thÃ¡nh! ğŸ˜‹"
"Sá»¯a chua mÃ­t bÃ©o, Ã­t mÃ­t ğŸ˜…"
"BÃ¡nh mÃ¬ trá»©ng á»‘p la nÃ³ng, ngon! ğŸ‘"
"Káº¹o Ä‘áº­u phá»™ng ngá»t, dÃ­nh rÄƒng ğŸ˜¬"
"Phá»Ÿ gÃ  HÃ  Ná»™i thanh, Äƒn sÃ¡ng ngon! ğŸ˜"
"NÆ°á»›c cam Ã©p tÆ°Æ¡i, chua, pha Ä‘Æ°á»ng ğŸ˜"
"BÃ¡nh Æ°á»›t thá»‹t nÆ°á»›ng má»m, máº¯m ngon! ğŸŒŸ"
"TrÃ  sá»¯a The Alley Ä‘áº­m, trÃ¢n chÃ¢u cá»©ng ğŸ˜•"
"BÃ¡nh da lá»£n dáº»o, mÃ u Ä‘áº¹p, mÃª! ğŸ˜‹"
"Socola M&Mâ€™s ngon, giÃ¡ Ä‘áº¯t ğŸ˜…"
"BÃºn cháº£ HÃ  Ná»™i thÆ¡m, máº¯m chuáº©n! ğŸ˜"
"Snack Poca giÃ²n, gÃ³i bÃ© ğŸ˜£"
"CÃ  phÃª Ä‘en Ä‘Ã¡ Ä‘áº­m, sÃ¡ng tá»‰nh! â˜•"
"BÃ¡nh flan caramel má»‹n, nhá» giÃ¡ ğŸ˜…"
"BÃ¡nh mÃ¬ káº¹p thá»‹t giÃ²n, giÃ¡ ráº»! ğŸ‘"
"NÆ°á»›c Ã©p tÃ¡o tÆ°Æ¡i, ngá»t, pha loÃ£ng ğŸ˜•"
"BÃ¡nh chÆ°ng ráº¿ giÃ²n, Táº¿t há»£p! ğŸ‰"
"TrÃ  sá»¯a R&B ngon, topping Ã­t ğŸ˜¬"
"BÃ¡nh táº±m bÃ¬ dáº»o, cá»‘t dá»«a bÃ©o! ğŸ˜"
"Kem Cornetto ngon, á»‘c quáº¿ má»m ğŸ˜£"
"CÆ¡m chiÃªn háº£i sáº£n tÆ¡i, ghiá»n! ğŸ˜‹"
"Sá»¯a chua trÃ¡i cÃ¢y bÃ©o, Ã­t topping ğŸ˜…"
"BÃ¡nh mÃ¬ cháº£ cÃ¡ giÃ²n, giÃ¡ ráº»! ğŸ‘"
"Káº¹o trÃ¡i cÃ¢y Lotte ngá»t, nhÃ¢n táº¡o ğŸ˜•"
"BÃºn thá»‹t nÆ°á»›ng thÆ¡m, máº¯m ngon! ğŸŒŸ"
"NÆ°á»›c chanh dÃ¢y chua ngá»t, Ä‘Ã¡ nhiá»u ğŸ˜¬"
"BÃ¡nh bá»™t lá»c Huáº¿ dai, máº¯m cay! ğŸ˜"
"TrÃ  sá»¯a Gong Cha ngon, giao lÃ¢u ğŸ˜£"
"BÃ¡nh su kem má»m, kem bÃ©o! ğŸ˜‹"
"Socola Ferrero Rocher ngon, giÃ¡ chÃ¡t ğŸ˜…"
"Phá»Ÿ bÃ² Nam Äá»‹nh thÆ¡m, thá»‹t má»m! ğŸ˜"
"Snack Orion giÃ²n, gÃ³i nhá» ğŸ˜•"
"CÃ  phÃª Ä‘en Ä‘Ã¡ Ä‘áº­m, sÃ¡ng tá»‰nh! â˜•"
"BÃ¡nh flan nhÃ  lÃ m má»‹n, ghiá»n! ğŸ˜‹"
"TrÃ  Ä‘Ã o Cá»™ng tÆ°Æ¡i, giÃ¡ cao ğŸ˜¬"
"BÃ¡nh mÃ¬ pate giÃ²n, giÃ¡ ráº»! ğŸ‘"
"NÆ°á»›c Ã©p cam tÆ°Æ¡i, chua, pha Ä‘Æ°á»ng ğŸ˜•"
"BÃ¡nh chÆ°ng lÃ ng DÃ²ng dáº»o, Táº¿t Ä‘áº·t! ğŸ‰"
"Kem TrÃ ng Tiá»n dá»«a ngon, tan nhanh ğŸ˜£"
"BÃ¡nh pÃ­a SÃ³c TrÄƒng dáº»o, nhá»› quÃª! ğŸ¥°"
"Sá»¯a tÆ°Æ¡i TH True Milk thÆ¡m, há»™p lá»›n ğŸ˜…"
"BÃ¡nh quy Cosy giÃ²n, khÃ´ ğŸ˜¬"
CÆ¡m táº¥m SÃ i GÃ²n sÆ°á»n nÆ°á»›ng ngon! ğŸ˜
"TrÃ  sá»¯a PhÃºc Long thÆ¡m, Ä‘Ã¡ng tiá»n! ğŸ˜"
"BÃ¡nh donut J.CO má»m, giÃ¡ chÃ¡t ğŸ˜…"
"NÆ°á»›c mÃ­a Ä‘Æ°á»ng phá»‘ ngá»t, Ä‘Ã£ khÃ¡t! ğŸ¥¤"
"Káº¹o mÃºt Alpenliebe ngá»t, ngÃ¡n ğŸ˜"
"BÃ¡nh xÃ¨o miá»n TÃ¢y giÃ²n, máº¯m ngon! ğŸ˜‹"
"CÃ  phÃª G7 Ä‘áº­m, pha ngá»t ğŸ˜•"
"BÃ¡nh tÃ©t lÃ¡ cáº©m dáº»o, chuá»‘i ngá»t! ğŸ"
"Sá»¯a chua náº¿p cáº©m bÃ©o, Ã­t náº¿p ğŸ˜…"
"BÃ¡nh trÃ¡ng trá»™n cay, mÃª ly! ğŸ˜"
"MÃ¬ Háº£o Háº£o ngon, gÃ³i nhá» ğŸ˜£"
"BÃºn bÃ² Huáº¿ thÆ¡m, cay tÃª! ğŸ”¥"
"Kem Merino bÃ©o, vá»‹ nháº¡t ğŸ˜"
"BÃ¡nh ngá»t Tous Les Jours má»m, giÃ¡ cao ğŸ˜¬"
"TrÃ  xanh C2 thanh mÃ¡t, giÃ¡ ráº»! ğŸŒ¿"
"BÃ¡nh mÃ¬ que ÄÃ  Náºµng giÃ²n, pate bÃ©o! ğŸ˜‹"
"Sá»¯a Ä‘áº­u nÃ nh Fami thÆ¡m, loÃ£ng ğŸ˜•"
"BÃ¡nh cá»‘m HÃ  Ná»™i dáº»o, quÃ  chuáº©n! ğŸ"
"Sting tá»‰nh tÃ¡o, ngá»t gáº¯t ğŸ˜…"
"BÃ¡nh phá»Ÿ khÃ´ dai, láº©u ngon! ğŸ‘"
"Káº¹o dá»«a Báº¿n Tre ngá»t, dÃ­nh rÄƒng ğŸ˜£"
"CÆ¡m chiÃªn dÆ°Æ¡ng chÃ¢u tÆ¡i, ghiá»n! ğŸ˜"
"BÃ¡nh quy LU giÃ²n, giÃ¡ cao ğŸ˜…"
"TrÃ  sá»¯a Ding Tea ngon, Ã­t trÃ  ğŸ˜•"
"BÃ¡nh cháº£ Quáº£ng NgÃ£i ngá»t, nhá»› quÃª! ğŸ¥°"
"NÆ°á»›c Ã©p dá»©a tÆ°Æ¡i, Ä‘Ã¡ nhiá»u ğŸ˜¬"
"BÃ¡nh giáº§y giÃ² dáº»o, Äƒn sÃ¡ng ngon! ğŸ˜‹"
"Socola KitKat ngá»t, nhanh ngÃ¡n ğŸ˜…"
"BÃºn riÃªu cua chua thanh, topping Ä‘áº§y! ğŸŒŸ"
"Snack Oishi tÃ´m chÃ¡y tá»i, gÃ³i nhá» ğŸ˜£"
"CÃ  phÃª Trung NguyÃªn Ä‘áº­m, chuáº©n VN! â˜•"
"Kem chuá»‘i nhÃ  lÃ m bÃ©o, hÆ¡i cá»©ng ğŸ˜…"
"BÃ¡nh cuá»‘n Thanh TrÃ¬ má»ng, máº¯m ngon! ğŸ˜"
"NÆ°á»›c sÃ¢m bá»• lÆ°á»£ng mÃ¡t, ngá»t quÃ¡ ğŸ˜•"
"BÃ¡nh bÃ¨o Huáº¿ má»m, máº¯m cay! ğŸ˜‹"
"TrÃ  sá»¯a TocoToco ngon, topping Ã­t ğŸ˜¬"
"BÃ¡nh ráº¿ Phan Thiáº¿t giÃ²n, sá»‘ 1! ğŸ˜"
"MÃ¬ Shin Ramyun cay, xÃ© há»ng ğŸ˜£"
"CÆ¡m gÃ  Há»™i An thÆ¡m, cháº¥m ngon! ğŸ˜‹"
"Sá»¯a chua mÃ­t bÃ©o, Ã­t mÃ­t ğŸ˜…"
"BÃ¡nh mÃ¬ trá»©ng á»‘p la nÃ³ng, ngon! ğŸ‘"
"Káº¹o Ä‘áº­u phá»™ng ngá»t, dÃ­nh rÄƒng ğŸ˜¬"
"Phá»Ÿ gÃ  HÃ  Ná»™i thanh, Äƒn sÃ¡ng ngon! ğŸ˜"
"NÆ°á»›c cam Ã©p tÆ°Æ¡i, chua, pha Ä‘Æ°á»ng ğŸ˜"
"BÃ¡nh Æ°á»›t thá»‹t nÆ°á»›ng má»m, máº¯m ngon! ğŸŒŸ"
"TrÃ  sá»¯a The Alley Ä‘áº­m, trÃ¢n chÃ¢u cá»©ng ğŸ˜•"
"BÃ¡nh da lá»£n dáº»o, mÃ u Ä‘áº¹p, mÃª! ğŸ˜‹"
"Socola M&Mâ€™s ngon, giÃ¡ Ä‘áº¯t ğŸ˜…"
"BÃºn cháº£ HÃ  Ná»™i thÆ¡m, máº¯m chuáº©n! ğŸ˜"
"Snack Poca giÃ²n, gÃ³i bÃ© ğŸ˜£"
"CÃ  phÃª Ä‘en Ä‘Ã¡ Ä‘áº­m, sÃ¡ng tá»‰nh! â˜•"
"BÃ¡nh flan caramel má»‹n, nhá» giÃ¡ ğŸ˜…"
"BÃ¡nh mÃ¬ káº¹p thá»‹t giÃ²n, giÃ¡ ráº»! ğŸ‘"
"NÆ°á»›c Ã©p tÃ¡o tÆ°Æ¡i, ngá»t, pha loÃ£ng ğŸ˜•"
"BÃ¡nh chÆ°ng ráº¿ giÃ²n, Táº¿t há»£p! ğŸ‰"
"TrÃ  sá»¯a R&B ngon, topping Ã­t ğŸ˜¬"
"BÃ¡nh táº±m bÃ¬ dáº»o, cá»‘t dá»«a bÃ©o! ğŸ˜"
"Kem Cornetto ngon, á»‘c quáº¿ má»m ğŸ˜£"
"CÆ¡m chiÃªn háº£i sáº£n tÆ¡i, ghiá»n! ğŸ˜‹"
"Sá»¯a chua trÃ¡i cÃ¢y bÃ©o, Ã­t topping ğŸ˜…"
"BÃ¡nh mÃ¬ cháº£ cÃ¡ giÃ²n, giÃ¡ ráº»! ğŸ‘"
"Káº¹o trÃ¡i cÃ¢y Lotte ngá»t, nhÃ¢n táº¡o ğŸ˜•"
"BÃºn thá»‹t nÆ°á»›ng thÆ¡m, máº¯m ngon! ğŸŒŸ"
"NÆ°á»›c chanh dÃ¢y chua ngá»t, Ä‘Ã¡ nhiá»u ğŸ˜¬"
"BÃ¡nh bá»™t lá»c Huáº¿ dai, máº¯m cay! ğŸ˜"
"TrÃ  sá»¯a Gong Cha ngon, giao lÃ¢u ğŸ˜£"
"BÃ¡nh su kem má»m, kem bÃ©o! ğŸ˜‹"
"Socola Ferrero Rocher ngon, giÃ¡ chÃ¡t ğŸ˜…"
"Phá»Ÿ bÃ² Nam Äá»‹nh thÆ¡m, thá»‹t má»m! ğŸ˜"
"Snack Orion giÃ²n, gÃ³i nhá» ğŸ˜•"
"CÃ  phÃª Ä‘en Ä‘Ã¡ Ä‘áº­m, sÃ¡ng tá»‰nh! â˜•"
"BÃ¡nh flan nhÃ  lÃ m má»‹n, ghiá»n! ğŸ˜‹"
"TrÃ  Ä‘Ã o Cá»™ng tÆ°Æ¡i, giÃ¡ cao ğŸ˜¬"
"BÃ¡nh mÃ¬ pate giÃ²n, giÃ¡ ráº»! ğŸ‘"
"NÆ°á»›c Ã©p cam tÆ°Æ¡i, chua, pha Ä‘Æ°á»ng ğŸ˜•"
"BÃ¡nh chÆ°ng lÃ ng DÃ²ng dáº»o, Táº¿t Ä‘áº·t! ğŸ‰"
"Kem TrÃ ng Tiá»n dá»«a ngon, tan nhanh ğŸ˜£"
"BÃ¡nh pÃ­a SÃ³c TrÄƒng dáº»o, nhá»› quÃª! ğŸ¥°"
"Sá»¯a tÆ°Æ¡i TH True Milk thÆ¡m, há»™p lá»›n ğŸ˜…"
"BÃ¡nh quy Cosy giÃ²n, khÃ´ ğŸ˜¬"
CÆ¡m táº¥m SÃ i GÃ²n sÆ°á»n nÆ°á»›ng ngon! ğŸ˜
"TrÃ  sá»¯a PhÃºc Long thÆ¡m, Ä‘Ã¡ng tiá»n! ğŸ˜"
"BÃ¡nh donut J.CO má»m, giÃ¡ chÃ¡t ğŸ˜…"
"NÆ°á»›c mÃ­a Ä‘Æ°á»ng phá»‘ ngá»t, Ä‘Ã£ khÃ¡t! ğŸ¥¤"
"Káº¹o mÃºt Alpenliebe ngá»t, ngÃ¡n ğŸ˜"
"BÃ¡nh xÃ¨o miá»n TÃ¢y giÃ²n, máº¯m ngon! ğŸ˜‹"
"CÃ  phÃª G7 Ä‘áº­m, pha ngá»t ğŸ˜•"
"BÃ¡nh tÃ©t lÃ¡ cáº©m dáº»o, chuá»‘i ngá»t! ğŸ"
"Sá»¯a chua náº¿p cáº©m bÃ©o, Ã­t náº¿p ğŸ˜…"
"BÃ¡nh trÃ¡ng trá»™n cay, mÃª ly! ğŸ˜"
"MÃ¬ Háº£o Háº£o ngon, gÃ³i nhá» ğŸ˜£"
"BÃºn bÃ² Huáº¿ thÆ¡m, cay tÃª! ğŸ”¥"
"Kem Merino bÃ©o, vá»‹ nháº¡t ğŸ˜"
"BÃ¡nh ngá»t Tous Les Jours má»m, giÃ¡ cao ğŸ˜¬"
"TrÃ  xanh C2 thanh mÃ¡t, giÃ¡ ráº»! ğŸŒ¿"
"BÃ¡nh mÃ¬ que ÄÃ  Náºµng giÃ²n, pate bÃ©o! ğŸ˜‹"
"Sá»¯a Ä‘áº­u nÃ nh Fami thÆ¡m, loÃ£ng ğŸ˜•"
"BÃ¡nh cá»‘m HÃ  Ná»™i dáº»o, quÃ  chuáº©n! ğŸ"
"Sting tá»‰nh tÃ¡o, ngá»t gáº¯t ğŸ˜…"
"BÃ¡nh phá»Ÿ khÃ´ dai, láº©u ngon! ğŸ‘"
"Káº¹o dá»«a Báº¿n Tre ngá»t, dÃ­nh rÄƒng ğŸ˜£"
"CÆ¡m chiÃªn dÆ°Æ¡ng chÃ¢u tÆ¡i, ghiá»n! ğŸ˜"
"BÃ¡nh quy LU giÃ²n, giÃ¡ cao ğŸ˜…"
"TrÃ  sá»¯a Ding Tea ngon, Ã­t trÃ  ğŸ˜•"
"BÃ¡nh cháº£ Quáº£ng NgÃ£i ngá»t, nhá»› quÃª! ğŸ¥°"
"NÆ°á»›c Ã©p dá»©a tÆ°Æ¡i, Ä‘Ã¡ nhiá»u ğŸ˜¬"
"BÃ¡nh giáº§y giÃ² dáº»o, Äƒn sÃ¡ng ngon! ğŸ˜‹"
"Socola KitKat ngá»t, nhanh ngÃ¡n ğŸ˜…"
"BÃºn riÃªu cua chua thanh, topping Ä‘áº§y! ğŸŒŸ"
"Snack Oishi tÃ´m chÃ¡y tá»i, gÃ³i nhá» ğŸ˜£"
"CÃ  phÃª Trung NguyÃªn Ä‘áº­m, chuáº©n VN! â˜•"
"Kem chuá»‘i nhÃ  lÃ m bÃ©o, hÆ¡i cá»©ng ğŸ˜…"
"BÃ¡nh cuá»‘n Thanh TrÃ¬ má»ng, máº¯m ngon! ğŸ˜"
"NÆ°á»›c sÃ¢m bá»• lÆ°á»£ng mÃ¡t, ngá»t quÃ¡ ğŸ˜•"
"BÃ¡nh bÃ¨o Huáº¿ má»m, máº¯m cay! ğŸ˜‹"
"TrÃ  sá»¯a TocoToco ngon, topping Ã­t ğŸ˜¬"
"BÃ¡nh ráº¿ Phan Thiáº¿t giÃ²n, sá»‘ 1! ğŸ˜"
"MÃ¬ Shin Ramyun cay, xÃ© há»ng ğŸ˜£"
"CÆ¡m gÃ  Há»™i An thÆ¡m, cháº¥m ngon! ğŸ˜‹"
"Sá»¯a chua mÃ­t bÃ©o, Ã­t mÃ­t ğŸ˜…"
"BÃ¡nh mÃ¬ trá»©ng á»‘p la nÃ³ng, ngon! ğŸ‘"
"Káº¹o Ä‘áº­u phá»™ng ngá»t, dÃ­nh rÄƒng ğŸ˜¬"
"Phá»Ÿ gÃ  HÃ  Ná»™i thanh, Äƒn sÃ¡ng ngon! ğŸ˜"
"NÆ°á»›c cam Ã©p tÆ°Æ¡i, chua, pha Ä‘Æ°á»ng ğŸ˜"
"BÃ¡nh Æ°á»›t thá»‹t nÆ°á»›ng má»m, máº¯m ngon! ğŸŒŸ"
"TrÃ  sá»¯a The Alley Ä‘áº­m, trÃ¢n chÃ¢u cá»©ng ğŸ˜•"
"BÃ¡nh da lá»£n dáº»o, mÃ u Ä‘áº¹p, mÃª! ğŸ˜‹"
"Socola M&Mâ€™s ngon, giÃ¡ Ä‘áº¯t ğŸ˜…"
"BÃºn cháº£ HÃ  Ná»™i thÆ¡m, máº¯m chuáº©n! ğŸ˜"
"Snack Poca giÃ²n, gÃ³i bÃ© ğŸ˜£"
"CÃ  phÃª Ä‘en Ä‘Ã¡ Ä‘áº­m, sÃ¡ng tá»‰nh! â˜•"
"BÃ¡nh flan caramel má»‹n, nhá» giÃ¡ ğŸ˜…"
"BÃ¡nh mÃ¬ káº¹p thá»‹t giÃ²n, giÃ¡ ráº»! ğŸ‘"
"NÆ°á»›c Ã©p tÃ¡o tÆ°Æ¡i, ngá»t, pha loÃ£ng ğŸ˜•"
"BÃ¡nh chÆ°ng ráº¿ giÃ²n, Táº¿t há»£p! ğŸ‰"
"TrÃ  sá»¯a R&B ngon, topping Ã­t ğŸ˜¬"
"BÃ¡nh táº±m bÃ¬ dáº»o, cá»‘t dá»«a bÃ©o! ğŸ˜"
"Kem Cornetto ngon, á»‘c quáº¿ má»m ğŸ˜£"
"CÆ¡m chiÃªn háº£i sáº£n tÆ¡i, ghiá»n! ğŸ˜‹"
"Sá»¯a chua trÃ¡i cÃ¢y bÃ©o, Ã­t topping ğŸ˜…"
"BÃ¡nh mÃ¬ cháº£ cÃ¡ giÃ²n, giÃ¡ ráº»! ğŸ‘"
"Káº¹o trÃ¡i cÃ¢y Lotte ngá»t, nhÃ¢n táº¡o ğŸ˜•"
"BÃºn thá»‹t nÆ°á»›ng thÆ¡m, máº¯m ngon! ğŸŒŸ"
"NÆ°á»›c chanh dÃ¢y chua ngá»t, Ä‘Ã¡ nhiá»u ğŸ˜¬"
"BÃ¡nh bá»™t lá»c Huáº¿ dai, máº¯m cay! ğŸ˜"
"TrÃ  sá»¯a Gong Cha ngon, giao lÃ¢u ğŸ˜£"
"BÃ¡nh su kem má»m, kem bÃ©o! ğŸ˜‹"
"Socola Ferrero Rocher ngon, giÃ¡ chÃ¡t ğŸ˜…"
"Phá»Ÿ bÃ² Nam Äá»‹nh thÆ¡m, thá»‹t má»m! ğŸ˜"
"Snack Orion giÃ²n, gÃ³i nhá» ğŸ˜•"
"CÃ  phÃª Ä‘en Ä‘Ã¡ Ä‘áº­m, sÃ¡ng tá»‰nh! â˜•"
"BÃ¡nh flan nhÃ  lÃ m má»‹n, ghiá»n! ğŸ˜‹"
"TrÃ  Ä‘Ã o Cá»™ng tÆ°Æ¡i, giÃ¡ cao ğŸ˜¬"
"BÃ¡nh mÃ¬ pate giÃ²n, giÃ¡ ráº»! ğŸ‘"
"NÆ°á»›c Ã©p cam tÆ°Æ¡i, chua, pha Ä‘Æ°á»ng ğŸ˜•"
"BÃ¡nh chÆ°ng lÃ ng DÃ²ng dáº»o, Táº¿t Ä‘áº·t! ğŸ‰"
"Kem TrÃ ng Tiá»n dá»«a ngon, tan nhanh ğŸ˜£"
"BÃ¡nh pÃ­a SÃ³c TrÄƒng dáº»o, nhá»› quÃª! ğŸ¥°"
"Sá»¯a tÆ°Æ¡i TH True Milk thÆ¡m, há»™p lá»›n ğŸ˜…"
"BÃ¡nh quy Cosy giÃ²n, khÃ´ ğŸ˜¬"
CÆ¡m táº¥m SÃ i GÃ²n sÆ°á»n nÆ°á»›ng ngon! ğŸ˜
"TrÃ  sá»¯a PhÃºc Long thÆ¡m, Ä‘Ã¡ng tiá»n! ğŸ˜"
"BÃ¡nh donut J.CO má»m, giÃ¡ chÃ¡t ğŸ˜…"
"NÆ°á»›c mÃ­a Ä‘Æ°á»ng phá»‘ ngá»t, Ä‘Ã£ khÃ¡t! ğŸ¥¤"
"Káº¹o mÃºt Alpenliebe ngá»t, ngÃ¡n ğŸ˜"
"BÃ¡nh xÃ¨o miá»n TÃ¢y giÃ²n, máº¯m ngon! ğŸ˜‹"
"CÃ  phÃª G7 Ä‘áº­m, pha ngá»t ğŸ˜•"
"BÃ¡nh tÃ©t lÃ¡ cáº©m dáº»o, chuá»‘i ngá»t! ğŸ"
"Sá»¯a chua náº¿p cáº©m bÃ©o, Ã­t náº¿p ğŸ˜…"
"BÃ¡nh trÃ¡ng trá»™n cay, mÃª ly! ğŸ˜"
"MÃ¬ Háº£o Háº£o ngon, gÃ³i nhá» ğŸ˜£"
"BÃºn bÃ² Huáº¿ thÆ¡m, cay tÃª! ğŸ”¥"
"Kem Merino bÃ©o, vá»‹ nháº¡t ğŸ˜"
"BÃ¡nh ngá»t Tous Les Jours má»m, giÃ¡ cao ğŸ˜¬"
"TrÃ  xanh C2 thanh mÃ¡t, giÃ¡ ráº»! ğŸŒ¿"
"BÃ¡nh mÃ¬ que ÄÃ  Náºµng giÃ²n, pate bÃ©o! ğŸ˜‹"
"Sá»¯a Ä‘áº­u nÃ nh Fami thÆ¡m, loÃ£ng ğŸ˜•"
"BÃ¡nh cá»‘m HÃ  Ná»™i dáº»o, quÃ  chuáº©n! ğŸ"
"Sting tá»‰nh tÃ¡o, ngá»t gáº¯t ğŸ˜…"
"BÃ¡nh phá»Ÿ khÃ´ dai, láº©u ngon! ğŸ‘"
"Káº¹o dá»«a Báº¿n Tre ngá»t, dÃ­nh rÄƒng ğŸ˜£"
"CÆ¡m chiÃªn dÆ°Æ¡ng chÃ¢u tÆ¡i, ghiá»n! ğŸ˜"
"BÃ¡nh quy LU giÃ²n, giÃ¡ cao ğŸ˜…"
"TrÃ  sá»¯a Ding Tea ngon, Ã­t trÃ  ğŸ˜•"
"BÃ¡nh cháº£ Quáº£ng NgÃ£i ngá»t, nhá»› quÃª! ğŸ¥°"
"NÆ°á»›c Ã©p dá»©a tÆ°Æ¡i, Ä‘Ã¡ nhiá»u ğŸ˜¬"
"BÃ¡nh giáº§y giÃ² dáº»o, Äƒn sÃ¡ng ngon! ğŸ˜‹"
"Socola KitKat ngá»t, nhanh ngÃ¡n ğŸ˜…"
"BÃºn riÃªu cua chua thanh, topping Ä‘áº§y! ğŸŒŸ"
"Snack Oishi tÃ´m chÃ¡y tá»i, gÃ³i nhá» ğŸ˜£"
"CÃ  phÃª Trung NguyÃªn Ä‘áº­m, chuáº©n VN! â˜•"
"Kem chuá»‘i nhÃ  lÃ m bÃ©o, hÆ¡i cá»©ng ğŸ˜…"
"BÃ¡nh cuá»‘n Thanh TrÃ¬ má»ng, máº¯m ngon! ğŸ˜"
"NÆ°á»›c sÃ¢m bá»• lÆ°á»£ng mÃ¡t, ngá»t quÃ¡ ğŸ˜•"
"BÃ¡nh bÃ¨o Huáº¿ má»m, máº¯m cay! ğŸ˜‹"
"TrÃ  sá»¯a TocoToco ngon, topping Ã­t ğŸ˜¬"
"BÃ³gy ráº¿ Phan Thiáº¿t giÃ²n, sá»‘ 1! ğŸ˜"
"MÃ¬ Shin Ramyun cay, xÃ© há»ng ğŸ˜£"
"CÆ¡m gÃ  Há»™i An thÆ¡m, cháº¥m ngon! ğŸ˜‹"
"Sá»¯a chua mÃ­t bÃ©o, Ã­t mÃ­t ğŸ˜…"
"BÃ¡nh mÃ¬ trá»©ng á»‘p la nÃ³ng, ngon! ğŸ‘"
"Káº¹o Ä‘áº­u phá»™ng ngá»t, dÃ­nh rÄƒng ğŸ˜¬"
"Phá»Ÿ gÃ  HÃ  Ná»™i thanh, Äƒn sÃ¡ng ngon! ğŸ˜"
"NÆ°á»›c cam Ã©p tÆ°Æ¡i, chua, pha Ä‘Æ°á»ng ğŸ˜"
"BÃ¡nh Æ°á»›t thá»‹t nÆ°á»›ng má»m, máº¯m ngon! ğŸŒŸ"
"TrÃ  sá»¯a The Alley Ä‘áº­m, trÃ¢n chÃ¢u cá»©ng ğŸ˜•"
"BÃ¡nh da lá»£n dáº»o, mÃ u Ä‘áº¹p, mÃª! ğŸ˜‹"
"Socola M&Mâ€™s ngon, giÃ¡ Ä‘áº¯t ğŸ˜…"
"BÃºn cháº£ HÃ  Ná»™i thÆ¡m, máº¯m chuáº©n! ğŸ˜"
"Snack Poca giÃ²n, gÃ³i bÃ© ğŸ˜£"
"CÃ  phÃª Ä‘en Ä‘Ã¡ Ä‘áº­m, sÃ¡ng tá»‰nh! â˜•"
"BÃ¡nh flan caramel má»‹n, nhá» giÃ¡ ğŸ˜…"
"BÃ¡nh mÃ¬ káº¹p thá»‹t giÃ²n, giÃ¡ ráº»! ğŸ‘"
"NÆ°á»›c Ã©p tÃ¡o tÆ°Æ¡i, ngá»t, pha loÃ£ng ğŸ˜•"
"BÃ¡nh chÆ°ng ráº¿ giÃ²n, Táº¿t há»£p! ğŸ‰"
"TrÃ  sá»¯a R&B ngon, topping Ã­t ğŸ˜¬"
"BÃ¡nh táº±m bÃ¬ dáº»o, cá»‘t dá»«a bÃ©o! ğŸ˜"
"Kem Cornetto ngon, á»‘c quáº¿ má»m ğŸ˜£"
"CÆ¡m chiÃªn háº£i sáº£n tÆ¡i, ghiá»n! ğŸ˜‹"
"Sá»¯a chua trÃ¡i cÃ¢y bÃ©o, Ã­t topping ğŸ˜…"
"BÃ¡nh mÃ¬ cháº£ cÃ¡ giÃ²n, giÃ¡ ráº»! ğŸ‘"
"Káº¹o trÃ¡i cÃ¢y Lotte ngá»t, nhÃ¢n táº¡o ğŸ˜•"
"BÃºn thá»‹t nÆ°á»›ng thÆ¡m, máº¯m ngon! ğŸŒŸ"
"NÆ°á»›c chanh dÃ¢y chua ngá»t, Ä‘Ã¡ nhiá»u ğŸ˜¬"
"BÃ¡nh bá»™t lá»c Huáº¿ dai, máº¯m cay! ğŸ˜"
"TrÃ  sá»¯a Gong Cha ngon, giao lÃ¢u ğŸ˜£"
"BÃ¡nh su kem má»m, kem bÃ©o! ğŸ˜‹"
"Socola Ferrero Rocher ngon, giÃ¡ chÃ¡t ğŸ˜…"
"Phá»Ÿ bÃ² Nam Äá»‹nh thÆ¡m, thá»‹t má»m! ğŸ˜"
"Snack Orion giÃ²n, gÃ³i nhá» ğŸ˜•"
"CÃ  phÃª Ä‘en Ä‘Ã¡ Ä‘áº­m, sÃ¡ng tá»‰nh! â˜•"
"BÃ¡nh flan nhÃ  lÃ m má»‹n, ghiá»n! ğŸ˜‹"
"TrÃ  Ä‘Ã o Cá»™ng tÆ°Æ¡i, giÃ¡ cao ğŸ˜¬"
"BÃ¡nh mÃ¬ pate giÃ²n, giÃ¡ ráº»! ğŸ‘"
"NÆ°á»›c Ã©p cam tÆ°Æ¡i, chua, pha Ä‘Æ°á»ng ğŸ˜•"
"BÃ¡nh chÆ°ng lÃ ng DÃ²ng dáº»o, Táº¿t Ä‘áº·t! ğŸ‰"
"Kem TrÃ ng Tiá»n dá»«a ngon, tan nhanh ğŸ˜£"
"BÃ¡nh pÃ­a SÃ³c TrÄƒng dáº»o, nhá»› quÃª! ğŸ¥°"
"Sá»¯a tÆ°Æ¡i TH True Milk thÆ¡m, há»™p lá»›n ğŸ˜…"
"BÃ¡nh quy Cosy giÃ²n, khÃ´ ğŸ˜¬"
CÆ¡m táº¥m SÃ i GÃ²n sÆ°á»n nÆ°á»›ng ngon! ğŸ˜
"TrÃ  sá»¯a PhÃºc Long thÆ¡m, Ä‘Ã¡ng tiá»n! ğŸ˜"
"BÃ¡nh donut J.CO má»m, giÃ¡ chÃ¡t ğŸ˜…"
"NÆ°á»›c mÃ­a Ä‘Æ°á»ng phá»‘ ngá»t, Ä‘Ã£ khÃ¡t! ğŸ¥¤"
"Káº¹o mÃºt Alpenliebe ngá»t, ngÃ¡n ğŸ˜"
"BÃ¡nh xÃ¨o miá»n TÃ¢y giÃ²n, máº¯m ngon! ğŸ˜‹"
"CÃ  phÃª G7 Ä‘áº­m, pha ngá»t ğŸ˜•"
"BÃ¡nh tÃ©t lÃ¡ cáº©m dáº»o, chuá»‘i ngá»t! ğŸ"
"Sá»¯a chua náº¿p cáº©m bÃ©o, Ã­t náº¿p ğŸ˜…"
"BÃ¡nh trÃ¡ng trá»™n cay, mÃª ly! ğŸ˜"
"MÃ¬ Háº£o Háº£o ngon, gÃ³i nhá» ğŸ˜£"
"BÃºn bÃ² Huáº¿ thÆ¡m, cay tÃª! ğŸ”¥"
"Kem Merino bÃ©o, vá»‹ nháº¡t ğŸ˜"
"BÃ¡nh ngá»t Tous Les Jours má»m, giÃ¡ cao ğŸ˜¬"
"TrÃ  xanh C2 thanh mÃ¡t, giÃ¡ ráº»! ğŸŒ¿"
"BÃ¡nh mÃ¬ que ÄÃ  Náºµng giÃ²n, pate bÃ©o! ğŸ˜‹"
"Sá»¯a Ä‘áº­u nÃ nh Fami thÆ¡m, loÃ£ng ğŸ˜•"
"BÃ¡nh cá»‘m HÃ  Ná»™i dáº»o, quÃ  chuáº©n! ğŸ"
"Sting tá»‰nh tÃ¡o, ngá»t gáº¯t ğŸ˜…"
"BÃ¡nh phá»Ÿ khÃ´ dai, láº©u ngon! ğŸ‘"
"Káº¹o dá»«a Báº¿n Tre ngá»t, dÃ­nh rÄƒng ğŸ˜£"
"CÆ¡m chiÃªn dÆ°Æ¡ng chÃ¢u tÆ¡i, ghiá»n! ğŸ˜"
"BÃ¡nh quy LU giÃ²n, giÃ¡ cao ğŸ˜…"
"TrÃ  sá»¯a Ding Tea ngon, Ã­t trÃ  ğŸ˜•"
"BÃ¡nh cháº£ Quáº£ng NgÃ£i ngá»t, nhá»› quÃª! ğŸ¥°"
"NÆ°á»›c Ã©p dá»©a tÆ°Æ¡i, Ä‘Ã¡ nhiá»u ğŸ˜¬"
"BÃ¡nh giáº§y giÃ² dáº»o, Äƒn sÃ¡ng ngon! ğŸ˜‹"
"Socola KitKat ngá»t, nhanh ngÃ¡n ğŸ˜…"
"BÃºn riÃªu cua chua thanh, topping Ä‘áº§y! ğŸŒŸ"
"Snack Oishi tÃ´m chÃ¡y tá»i, gÃ³i nhá» ğŸ˜£"
"CÃ  phÃª Trung NguyÃªn Ä‘áº­m, chuáº©n VN! â˜•"
"Kem chuá»‘i nhÃ  lÃ m bÃ©o, hÆ¡i cá»©ng ğŸ˜…"
"BÃ¡nh cuá»‘n Thanh TrÃ¬ má»ng, máº¯m ngon! ğŸ˜"
"NÆ°á»›c sÃ¢m bá»• lÆ°á»£ng mÃ¡t, ngá»t quÃ¡ ğŸ˜•"
"BÃ¡nh bÃ¨o Huáº¿ má»m, máº¯m cay! ğŸ˜‹"
"TrÃ  sá»¯a TocoToco ngon, topping Ã­t ğŸ˜¬"
"BÃ¡nh ráº¿ Phan Thiáº¿t giÃ²n, sá»‘ 1! ğŸ˜"
"MÃ¬ Shin Ramyun cay, xÃ© há»ng ğŸ˜£"
"CÆ¡m gÃ  Há»™i An thÆ¡m, cháº¥m ngon! ğŸ˜‹"
"Sá»¯a chua mÃ­t bÃ©o, Ã­t mÃ­t ğŸ˜…"
"BÃ¡nh mÃ¬ trá»©ng á»‘p la nÃ³ng, ngon! ğŸ‘"
"Káº¹o Ä‘áº­u phá»™ng ngá»t, dÃ­nh rÄƒng ğŸ˜¬"
"Phá»Ÿ gÃ  HÃ  Ná»™i thanh, Äƒn sÃ¡ng ngon! ğŸ˜"
"NÆ°á»›c cam Ã©p tÆ°Æ¡i, chua, pha Ä‘Æ°á»ng ğŸ˜"
"BÃ¡nh Æ°á»›t thá»‹t nÆ°á»›ng má»m, máº¯m ngon! ğŸŒŸ"
"TrÃ  sá»¯a The Alley Ä‘áº­m, trÃ¢n chÃ¢u cá»©ng ğŸ˜•"
"BÃ¡nh da lá»£n dáº»o, mÃ u Ä‘áº¹p, mÃª! ğŸ˜‹"
"Socola M&Mâ€™s ngon, giÃ¡ Ä‘áº¯t ğŸ˜…"
"BÃºn cháº£ HÃ  Ná»™i thÆ¡m, máº¯m chuáº©n! ğŸ˜"
"Snack Poca giÃ²n, gÃ³i bÃ© ğŸ˜£"
"CÃ  phÃª Ä‘en Ä‘Ã¡ Ä‘áº­m, sÃ¡ng tá»‰nh! â˜•"
"BÃ¡nh flan caramel má»‹n, nhá» giÃ¡ ğŸ˜…"
"BÃ¡nh mÃ¬ káº¹p thá»‹t giÃ²n, giÃ¡ ráº»! ğŸ‘"
"NÆ°á»›c Ã©p tÃ¡o tÆ°Æ¡i, ngá»t, pha loÃ£ng ğŸ˜•"
"BÃ¡nh chÆ°ng ráº¿ giÃ²n, Táº¿t há»£p! ğŸ‰"
"TrÃ  sá»¯a R&B ngon, topping Ã­t ğŸ˜¬"
"BÃ¡nh táº±m bÃ¬ dáº»o, cá»‘t dá»«a bÃ©o! ğŸ˜"
"Kem Cornetto ngon, á»‘c quáº¿ má»m ğŸ˜£"
"CÆ¡m chiÃªn háº£i sáº£n tÆ¡i, ghiá»n! ğŸ˜‹"
"Sá»¯a chua trÃ¡i cÃ¢y bÃ©o, Ã­t topping ğŸ˜…"
"BÃ¡nh mÃ¬ cháº£ cÃ¡ giÃ²n, giÃ¡ ráº»! ğŸ‘"
"Káº¹o trÃ¡i cÃ¢y Lotte ngá»t, nhÃ¢n táº¡o ğŸ˜•"
"BÃºn thá»‹t nÆ°á»›ng thÆ¡m, máº¯m ngon! ğŸŒŸ"
"NÆ°á»›c chanh dÃ¢y chua ngá»t, Ä‘Ã¡ nhiá»u ğŸ˜¬"
"BÃ¡nh bá»™t lá»c Huáº¿ dai, máº¯m cay! ğŸ˜"
"TrÃ  sá»¯a Gong Cha ngon, giao lÃ¢u ğŸ˜£"
"BÃ¡nh su kem má»m, kem bÃ©o! ğŸ˜‹"
"Socola Ferrero Rocher ngon, giÃ¡ chÃ¡t ğŸ˜…"
"Phá»Ÿ bÃ² Nam Äá»‹nh thÆ¡m, thá»‹t má»m! ğŸ˜"
"Snack Orion giÃ²n, gÃ³i nhá» ğŸ˜•"
"CÃ  phÃª Ä‘en Ä‘Ã¡ Ä‘áº­m, sÃ¡ng tá»‰nh! â˜•"
"BÃ¡nh flan nhÃ  lÃ m má»‹n, ghiá»n! ğŸ˜‹"
"TrÃ  Ä‘Ã o Cá»™ng tÆ°Æ¡i, giÃ¡ cao ğŸ˜¬"
"BÃ¡nh mÃ¬ pate giÃ²n, giÃ¡ ráº»! ğŸ‘"
"NÆ°á»›c Ã©p cam tÆ°Æ¡i, chua, pha Ä‘Æ°á»ng ğŸ˜•"
"BÃ¡nh chÆ°ng lÃ ng DÃ²ng dáº»o, Táº¿t Ä‘áº·t! ğŸ‰"
"Kem TrÃ ng Tiá»n dá»«a ngon, tan nhanh ğŸ˜£"
"BÃ¡nh pÃ­a SÃ³c TrÄƒng dáº»o, nhá»› quÃª! ğŸ¥°"
"Sá»¯a tÆ°Æ¡i TH True Milk thÆ¡m, há»™p lá»›n ğŸ˜…"
"BÃ¡nh quy Cosy giÃ²n, khÃ´ ğŸ˜¬"
CÆ¡m táº¥m SÃ i GÃ²n sÆ°á»n nÆ°á»›ng ngon! ğŸ˜
"TrÃ  sá»¯a PhÃºc Long thÆ¡m, Ä‘Ã¡ng tiá»n! ğŸ˜"
"BÃ¡nh donut J.CO má»m, giÃ¡ chÃ¡t ğŸ˜…"
"NÆ°á»›c mÃ­a Ä‘Æ°á»ng phá»‘ ngá»t, Ä‘Ã£ khÃ¡t! ğŸ¥¤"
"Káº¹o mÃºt Alpenliebe ngá»t, ngÃ¡n ğŸ˜"
"BÃ¡nh xÃ¨o miá»n TÃ¢y giÃ²n, máº¯m ngon! ğŸ˜‹"
"CÃ  phÃª G7 Ä‘áº­m, pha ngá»t ğŸ˜•"
"BÃ¡nh tÃ©t lÃ¡ cáº©m dáº»o, chuá»‘i ngá»t! ğŸ"
"Sá»¯a chua náº¿p cáº©m bÃ©o, Ã­t náº¿p ğŸ˜…"
"BÃ¡nh trÃ¡ng trá»™n cay, mÃª ly! ğŸ˜"
"MÃ¬ Háº£o Háº£o ngon, gÃ³i nhá» ğŸ˜£"
"BÃºn bÃ² Huáº¿ thÆ¡m, cay tÃª! ğŸ”¥"
"Kem Merino bÃ©o, vá»‹ nháº¡t ğŸ˜"
"BÃ¡nh ngá»t Tous Les Jours má»m, giÃ¡ cao ğŸ˜¬"
"TrÃ  xanh C2 thanh mÃ¡t, giÃ¡ ráº»! ğŸŒ¿"
"BÃ¡nh mÃ¬ que ÄÃ  Náºµng giÃ²n, pate bÃ©o! ğŸ˜‹"
"Sá»¯a Ä‘áº­u nÃ nh Fami thÆ¡m, loÃ£ng ğŸ˜•"
"BÃ¡nh cá»‘m HÃ  Ná»™i dáº»o, quÃ  chuáº©n! ğŸ"
"Sting tá»‰nh tÃ¡o, ngá»t gáº¯t ğŸ˜…"
"BÃ¡nh phá»Ÿ khÃ´ dai, láº©u ngon! ğŸ‘"
"Káº¹o dá»«a Báº¿n Tre ngá»t, dÃ­nh rÄƒng ğŸ˜£"
"CÆ¡m chiÃªn dÆ°Æ¡ng chÃ¢u tÆ¡i, ghiá»n! ğŸ˜"
"BÃ¡nh quy LU giÃ²n, giÃ¡ cao ğŸ˜…"
"TrÃ  sá»¯a Ding Tea ngon, Ã­t trÃ  ğŸ˜•"
"BÃ¡nh cháº£ Quáº£ng NgÃ£i ngá»t, nhá»› quÃª! ğŸ¥°"
"NÆ°á»›c Ã©p dá»©a tÆ°Æ¡i, Ä‘Ã¡ nhiá»u ğŸ˜¬"
"BÃ¡nh giáº§y giÃ² dáº»o, Äƒn sÃ¡ng ngon! ğŸ˜‹"
"Socola KitKat ngá»t, nhanh ngÃ¡n ğŸ˜…"
"BÃºn riÃªu cua chua thanh, topping Ä‘áº§y! ğŸŒŸ"
"Snack Oishi tÃ´m chÃ¡y tá»i, gÃ³i nhá» ğŸ˜£"
"CÃ  phÃª Trung NguyÃªn Ä‘áº­m, chuáº©n VN! â˜•"
"Kem chuá»‘i nhÃ  lÃ m bÃ©o, hÆ¡i cá»©ng ğŸ˜…"
"BÃ¡nh cuá»‘n Thanh TrÃ¬ má»ng, máº¯m ngon! ğŸ˜"
"NÆ°á»›c sÃ¢m bá»• lÆ°á»£ng mÃ¡t, ngá»t quÃ¡ ğŸ˜•"
"BÃ¡nh bÃ¨o Huáº¿ má»m, máº¯m cay! ğŸ˜‹"
"TrÃ  sá»¯a TocoToco ngon, topping Ã­t ğŸ˜¬"
"BÃ¡nh ráº¿ Phan Thiáº¿t giÃ²n, sá»‘ 1! ğŸ˜"
"MÃ¬ Shin Ramyun cay, xÃ© há»ng ğŸ˜£"
"CÆ¡m gÃ  Há»™i An thÆ¡m, cháº¥m ngon! ğŸ˜‹"
"Sá»¯a chua mÃ­t bÃ©o, Ã­t mÃ­t ğŸ˜…"
"BÃ¡nh mÃ¬ trá»©ng á»‘p la nÃ³ng, ngon! ğŸ‘"
"Káº¹o Ä‘áº­u phá»™ng ngá»t, dÃ­nh rÄƒng ğŸ˜¬"
"Phá»Ÿ gÃ  HÃ  Ná»™i thanh, Äƒn sÃ¡ng ngon! ğŸ˜"
"NÆ°á»›c cam Ã©p tÆ°Æ¡i, chua, pha Ä‘Æ°á»ng ğŸ˜"
"BÃ¡nh Æ°á»›t thá»‹t nÆ°á»›ng má»m, máº¯m ngon! ğŸŒŸ"
"TrÃ  sá»¯a The Alley Ä‘áº­m, trÃ¢n chÃ¢u cá»©ng ğŸ˜•"
"BÃ¡nh da lá»£n dáº»o, mÃ u Ä‘áº¹p, mÃª! ğŸ˜‹"
"Socola M&Mâ€™s ngon, giÃ¡ Ä‘áº¯t ğŸ˜…"
"BÃºn cháº£ HÃ  Ná»™i thÆ¡m, máº¯m chuáº©n! ğŸ˜"
"Snack Poca giÃ²n, gÃ³i bÃ© ğŸ˜£"
"CÃ  phÃª Ä‘en Ä‘Ã¡ Ä‘áº­m, sÃ¡ng tá»‰nh! â˜•"
"BÃ¡nh flan caramel má»‹n, nhá» giÃ¡ ğŸ˜…"
"BÃ¡nh mÃ¬ káº¹p thá»‹t giÃ²n, giÃ¡ ráº»! ğŸ‘"
"NÆ°á»›c Ã©p tÃ¡o tÆ°Æ¡i, ngá»t, pha loÃ£ng ğŸ˜•"
"BÃ¡nh chÆ°ng ráº¿ giÃ²n, Táº¿t há»£p! ğŸ‰"
"TrÃ  sá»¯a R&B ngon, topping Ã­t ğŸ˜¬"
"BÃ¡nh táº±m bÃ¬ dáº»o, cá»‘t dá»«a bÃ©o! ğŸ˜"
"Kem Cornetto ngon, á»‘c quáº¿ má»m ğŸ˜£"
"CÆ¡m chiÃªn háº£i sáº£n tÆ¡i, ghiá»n! ğŸ˜‹"
"Sá»¯a chua trÃ¡i cÃ¢y bÃ©o, Ã­t topping ğŸ˜…"
"BÃ¡nh mÃ¬ cháº£ cÃ¡ giÃ²n, giÃ¡ ráº»! ğŸ‘"
"Káº¹o trÃ¡i cÃ¢y Lotte ngá»t, nhÃ¢n táº¡o ğŸ˜•"
"BÃºn thá»‹t nÆ°á»›ng thÆ¡m, máº¯m ngon! ğŸŒŸ"
"NÆ°á»›c chanh dÃ¢y chua ngá»t, Ä‘Ã¡ nhiá»u ğŸ˜¬"
"BÃ¡nh bá»™t lá»c Huáº¿ dai, máº¯m cay! ğŸ˜"
"TrÃ  sá»¯a Gong Cha ngon, giao lÃ¢u ğŸ˜£"
"BÃ¡nh su kem má»m, kem bÃ©o! ğŸ˜‹"
"Socola Ferrero Rocher ngon, giÃ¡ chÃ¡t ğŸ˜…"
"Phá»Ÿ bÃ² Nam Äá»‹nh thÆ¡m, thá»‹t má»m! ğŸ˜"
"Snack Orion giÃ²n, gÃ³i nhá» ğŸ˜•"
"CÃ  phÃª Ä‘en Ä‘Ã¡ Ä‘áº­m, sÃ¡ng tá»‰nh! â˜•"
"BÃ¡nh flan nhÃ  lÃ m má»‹n, ghiá»n! ğŸ˜‹"
"TrÃ  Ä‘Ã o Cá»™ng tÆ°Æ¡i, giÃ¡ cao ğŸ˜¬"
"BÃ¡nh mÃ¬ pate giÃ²n, giÃ¡ ráº»! ğŸ‘"
"NÆ°á»›c Ã©p cam tÆ°Æ¡i, chua, pha Ä‘Æ°á»ng ğŸ˜•"
"BÃ¡nh chÆ°ng lÃ ng DÃ²ng dáº»o, Táº¿t Ä‘áº·t! ğŸ‰"
"Kem TrÃ ng Tiá»n dá»«a ngon, tan nhanh ğŸ˜£"
"BÃ¡nh pÃ­a SÃ³c TrÄƒng dáº»o, nhá»› quÃª! ğŸ¥°"
"Sá»¯a tÆ°Æ¡i TH True Milk thÆ¡m, há»™p lá»›n ğŸ˜…"
"BÃ¡nh quy Cosy giÃ²n, khÃ´ ğŸ˜¬"
CÆ¡m táº¥m SÃ i GÃ²n sÆ°á»n nÆ°á»›ng ngon! ğŸ˜
"TrÃ  sá»¯a PhÃºc Long thÆ¡m, Ä‘Ã¡ng tiá»n! ğŸ˜"
"BÃ¡nh donut J.CO má»m, giÃ¡ chÃ¡t ğŸ˜…"
"NÆ°á»›c mÃ­a Ä‘Æ°á»ng phá»‘ ngá»t, Ä‘Ã£ khÃ¡t! ğŸ¥¤"
"Káº¹o mÃºt Alpenliebe ngá»t, ngÃ¡n ğŸ˜"
"BÃ¡nh xÃ¨o miá»n TÃ¢y giÃ²n, máº¯m ngon! ğŸ˜‹"
"CÃ  phÃª G7 Ä‘áº­m, pha ngá»t ğŸ˜•"
"BÃ¡nh tÃ©t lÃ¡ cáº©m dáº»o, chuá»‘i ngá»t! ğŸ"
"Sá»¯a chua náº¿p cáº©m bÃ©o, Ã­t náº¿p ğŸ˜…"
"BÃ¡nh trÃ¡ng trá»™n cay, mÃª ly! ğŸ˜"
"MÃ¬ Háº£o Háº£o ngon, gÃ³i nhá» ğŸ˜£"
"BÃºn bÃ² Huáº¿ thÆ¡m, cay tÃª! ğŸ”¥"
"Kem Merino bÃ©o, vá»‹ nháº¡t ğŸ˜"
"BÃ¡nh ngá»t Tous Les Jours má»m, giÃ¡ cao ğŸ˜¬"
"TrÃ  xanh C2 thanh mÃ¡t, giÃ¡ ráº»! ğŸŒ¿"
"BÃ¡nh mÃ¬ que ÄÃ  Náºµng giÃ²n, pate bÃ©o! ğŸ˜‹"
"Sá»¯a Ä‘áº­u nÃ nh Fami thÆ¡m, loÃ£ng ğŸ˜•"
"BÃ¡nh cá»‘m HÃ  Ná»™i dáº»o, quÃ  chuáº©n! ğŸ"
"Sting tá»‰nh tÃ¡o, ngá»t gáº¯t ğŸ˜…"
"BÃ¡nh phá»Ÿ khÃ´ dai, láº©u ngon! ğŸ‘"
"Káº¹o dá»«a Báº¿n Tre ngá»t, dÃ­nh rÄƒng ğŸ˜£"
"CÆ¡m chiÃªn dÆ°Æ¡ng chÃ¢u tÆ¡i, ghiá»n! ğŸ˜"
"BÃ¡nh quy LU giÃ²n, giÃ¡ cao ğŸ˜…"
"TrÃ  sá»¯a Ding Tea ngon, Ã­t trÃ  ğŸ˜•"
"BÃ¡nh cháº£ Quáº£ng NgÃ£i ngá»t, nhá»› quÃª! ğŸ¥°"
"NÆ°á»›c Ã©p dá»©a tÆ°Æ¡i, Ä‘Ã¡ nhiá»u ğŸ˜¬"
"BÃ¡nh giáº§y giÃ² dáº»o, Äƒn sÃ¡ng ngon! ğŸ˜‹"
"Socola KitKat ngá»t, nhanh ngÃ¡n ğŸ˜…"
"BÃºn riÃªu cua chua thanh, topping Ä‘áº§y! ğŸŒŸ"
"Snack Oishi tÃ´m chÃ¡y tá»i, gÃ³i nhá» ğŸ˜£"
"CÃ  phÃª Trung NguyÃªn Ä‘áº­m, chuáº©n VN! â˜•"
"Kem chuá»‘i nhÃ  lÃ m bÃ©o, hÆ¡i cá»©ng ğŸ˜…"
"BÃ¡nh cuá»‘n Thanh TrÃ¬ má»ng, máº¯m ngon! ğŸ˜"
"NÆ°á»›c sÃ¢m bá»• lÆ°á»£ng mÃ¡t, ngá»t quÃ¡ ğŸ˜•"
"BÃ¡nh bÃ¨o Huáº¿ má»m, máº¯m cay! ğŸ˜‹"
"TrÃ  sá»¯a TocoToco ngon, topping Ã­t ğŸ˜¬"
"BÃ¡nh ráº¿ Phan Thiáº¿t giÃ²n, sá»‘ 1! ğŸ˜"
"MÃ¬ Shin Ramyun cay, xÃ© há»ng ğŸ˜£"
"CÆ¡m gÃ  Há»™i An thÆ¡m, cháº¥m ngon! ğŸ˜‹"
"Sá»¯a chua mÃ­t bÃ©o, Ã­t mÃ­t ğŸ˜…"
"BÃ¡nh mÃ¬ trá»©ng á»‘p la nÃ³ng, ngon! ğŸ‘"
"Káº¹o Ä‘áº­u phá»™ng ngá»t, dÃ­nh rÄƒng ğŸ˜¬"
"Phá»Ÿ gÃ  HÃ  Ná»™i thanh, Äƒn sÃ¡ng ngon! ğŸ˜"
"NÆ°á»›c cam Ã©p tÆ°Æ¡i, chua, pha Ä‘Æ°á»ng ğŸ˜"
"BÃ¡nh Æ°á»›t thá»‹t nÆ°á»›ng má»m, máº¯m ngon! ğŸŒŸ"
"TrÃ  sá»¯a The Alley Ä‘áº­m, trÃ¢n chÃ¢u cá»©ng ğŸ˜•"
"BÃ¡nh da lá»£n dáº»o, mÃ u Ä‘áº¹p, mÃª! ğŸ˜‹"
"Socola M&Mâ€™s ngon, giÃ¡ Ä‘áº¯t ğŸ˜…"
"BÃºn cháº£ HÃ  Ná»™i thÆ¡m, máº¯m chuáº©n! ğŸ˜"
"Snack Poca giÃ²n, gÃ³i bÃ© ğŸ˜£"
"CÃ  phÃª Ä‘en Ä‘Ã¡ Ä‘áº­m, sÃ¡ng tá»‰nh! â˜•"
"BÃ¡nh flan caramel má»‹n, nhá» giÃ¡ ğŸ˜…"
"BÃ¡nh mÃ¬ káº¹p thá»‹t giÃ²n, giÃ¡ ráº»! ğŸ‘"
"NÆ°á»›c Ã©p tÃ¡o tÆ°Æ¡i, ngá»t, pha loÃ£ng ğŸ˜•"
"BÃ¡nh chÆ°ng ráº¿ giÃ²n, Táº¿t há»£p! ğŸ‰"
"TrÃ  sá»¯a R&B ngon, topping Ã­t ğŸ˜¬"
"BÃ¡nh táº±m bÃ¬ dáº»o, cá»‘t dá»«a bÃ©o! ğŸ˜"
"Kem Cornetto ngon, á»‘c quáº¿ má»m ğŸ˜£"
"CÆ¡m chiÃªn háº£i sáº£n tÆ¡i, ghiá»n! ğŸ˜‹"
"Sá»¯a chua trÃ¡i cÃ¢y bÃ©o, Ã­t topping ğŸ˜…"
"BÃ¡nh mÃ¬ cháº£ cÃ¡ giÃ²n, giÃ¡ ráº»! ğŸ‘"
"Káº¹o trÃ¡i cÃ¢y Lotte ngá»t, nhÃ¢n táº¡o ğŸ˜•"
"BÃºn thá»‹t nÆ°á»›ng thÆ¡m, máº¯m ngon! ğŸŒŸ"
"NÆ°á»›c chanh dÃ¢y chua ngá»t, Ä‘Ã¡ nhiá»u ğŸ˜¬"
"BÃ¡nh bá»™t lá»c Huáº¿ dai, máº¯m cay! ğŸ˜"
"TrÃ  sá»¯a Gong Cha ngon, giao lÃ¢u ğŸ˜£"
"BÃ¡nh su kem má»m, kem bÃ©o! ğŸ˜‹"
"Socola Ferrero Rocher ngon, giÃ¡ chÃ¡t ğŸ˜…"
"Phá»Ÿ bÃ² Nam Äá»‹nh thÆ¡m, thá»‹t má»m! ğŸ˜"
"Snack Orion giÃ²n, gÃ³i nhá» ğŸ˜•"
"CÃ  phÃª Ä‘en Ä‘Ã¡ Ä‘áº­m, sÃ¡ng tá»‰nh! â˜•"
"BÃ¡nh flan nhÃ  lÃ m má»‹n, ghiá»n! ğŸ˜‹"
"TrÃ  Ä‘Ã o Cá»™ng tÆ°Æ¡i, giÃ¡ cao ğŸ˜¬"
"BÃ¡nh mÃ¬ pate giÃ²n, giÃ¡ ráº»! ğŸ‘"
"NÆ°á»›c Ã©p cam tÆ°Æ¡i, chua, pha Ä‘Æ°á»ng ğŸ˜•"
"BÃ¡nh chÆ°ng lÃ ng DÃ²ng dáº»o, Táº¿t Ä‘áº·t! ğŸ‰"
"Kem TrÃ ng Tiá»n dá»«a ngon, tan nhanh ğŸ˜£"
"BÃ¡nh pÃ­a SÃ³c TrÄƒng dáº»o, nhá»› quÃª! ğŸ¥°"
"Sá»¯a tÆ°Æ¡i TH True Milk thÆ¡m, há»™p lá»›n ğŸ˜…"
"BÃ¡nh quy Cosy giÃ²n, khÃ´ ğŸ˜¬"
CÆ¡m táº¥m SÃ i GÃ²n sÆ°á»n ná»©ng ngon! ğŸ˜
"TrÃ  sá»¯a PhÃºc Long thÆ¡m, Ä‘Ã¡ng tiá»n! ğŸ˜"
"BÃ¡nh donut J.CO má»m, giÃ¡ chÃ¡t ğŸ˜…"
"NÆ°á»›c mÃ­a Ä‘Æ°á»ng phá»‘ ngá»t, Ä‘Ã£ khÃ¡t! ğŸ¥¤"
"Káº¹o mÃºt Alpenliebe ngá»t, ngÃ¡n ğŸ˜"
"BÃ¡nh xÃ¨o miá»n TÃ¢y giÃ²n, máº¯m ngon! ğŸ˜‹"
"CÃ  phÃª G7 Ä‘áº­m, pha ngá»t ğŸ˜•"
"BÃ¡nh tÃ©t lÃ¡ cáº©m dáº»o, chuá»‘i ngá»t! ğŸ"
"Sá»¯a chua náº¿p cáº©m bÃ©o, Ã­t náº¿p ğŸ˜…"
"BÃ¡nh trÃ¡ng trá»™n cay, mÃª ly! ğŸ˜"
"MÃ¬ Háº£o Háº£o ngon, gÃ³i nhá» ğŸ˜£"
"BÃºn bÃ² Huáº¿ thÆ¡m, cay tÃª! ğŸ”¥"
"Kem Merino bÃ©o, vá»‹ nháº¡t ğŸ˜"
"BÃ¡nh ngá»t Tous Les Jours má»m, giÃ¡ cao ğŸ˜¬"
"TrÃ  xanh C2 thanh mÃ¡t, giÃ¡ ráº»! ğŸŒ¿"
"BÃ¡nh mÃ¬ que ÄÃ  Náºµng giÃ²n, pate bÃ©o! ğŸ˜‹"
"Sá»¯a Ä‘áº­u nÃ nh Fami thÆ¡m, loÃ£ng ğŸ˜•"
"BÃ¡nh cá»‘m HÃ  Ná»™i dáº»o, quÃ  chuáº©n! ğŸ"
"Sting tá»‰nh tÃ¡o, ngá»t gáº¯t ğŸ˜…"
"BÃ¡nh phá»Ÿ khÃ´ dai, láº©u ngon! ğŸ‘"
"Káº¹o dá»«a Báº¿n Tre ngá»t, dÃ­nh rÄƒng ğŸ˜£"
"CÆ¡m chiÃªn dÆ°Æ¡ng chÃ¢u tÆ¡i, ghiá»n! ğŸ˜"
"BÃ¡nh quy LU giÃ²n, giÃ¡ cao ğŸ˜…"
"TrÃ  sá»¯a Ding Tea ngon, Ã­t trÃ  ğŸ˜•"
"BÃ¡nh cháº£ Quáº£ng NgÃ£i ngá»t, nhá»› quÃª! ğŸ¥°"
"NÆ°á»›c Ã©p dá»©a tÆ°Æ¡i, Ä‘Ã¡ nhiá»u ğŸ˜¬"
"BÃ¡nh giáº§y giÃ² dáº»o, Äƒn sÃ¡ng ngon! ğŸ˜‹"
"Socola KitKat ngá»t, nhanh ngÃ¡n ğŸ˜…"
"BÃºn riÃªu cua chua thanh, topping Ä‘áº§y! ğŸŒŸ"
"Snack Oishi tÃ´m chÃ¡y tá»i, gÃ³i nhá» ğŸ˜£"
"CÃ  phÃª Trung NguyÃªn Ä‘áº­m, chuáº©n VN! â˜•"
"Kem chuá»‘i nhÃ  lÃ m bÃ©o, hÆ¡i cá»©ng ğŸ˜…"
"BÃ¡nh cuá»‘n Thanh TrÃ¬ má»ng, máº¯m ngon! ğŸ˜"
"NÆ°á»›c sÃ¢m bá»• lÆ°á»£ng mÃ¡t, ngá»t quÃ¡ ğŸ˜•"
"BÃ¡nh bÃ¨o Huáº¿ má»m, máº¯m cay! ğŸ˜‹"
"TrÃ  sá»¯a TocoToco ngon, topping Ã­t ğŸ˜¬"
"BÃ¡nh ráº¿ Phan Thiáº¿t giÃ²n, sá»‘ 1! ğŸ˜"
"MÃ¬ Shin Ramyun cay, xÃ© há»ng ğŸ˜£"
"CÆ¡m gÃ  Há»™i An thÆ¡m, cháº¥m ngon! ğŸ˜‹"
"Sá»¯a chua mÃ­t bÃ©o, Ã­t mÃ­t ğŸ˜…"
"BÃ¡nh mÃ¬ trá»©ng á»‘p la nÃ³ng, ngon! ğŸ‘"
"Káº¹o Ä‘áº­u phá»™ng ngá»t, dÃ­nh rÄƒng ğŸ˜¬"
"Phá»Ÿ gÃ  HÃ  Ná»™i thanh, Äƒn sÃ¡ng ngon! ğŸ˜"
"NÆ°á»›c cam Ã©p tÆ°Æ¡i, chua, pha Ä‘Æ°á»ng ğŸ˜"
"BÃ¡nh Æ°á»›t thá»‹t nÆ°á»›ng má»m, máº¯m ngon! ğŸŒŸ"
"TrÃ  sá»¯a The Alley Ä‘áº­m, trÃ¢n chÃ¢u cá»©ng ğŸ˜•"
"BÃ¡nh da lá»£n dáº»o, mÃ u Ä‘áº¹p, mÃª! ğŸ˜‹"
"Socola M&Mâ€™s ngon, giÃ¡ Ä‘áº¯t ğŸ˜…"
"BÃºn cháº£ HÃ  Ná»™i thÆ¡m, máº¯m chuáº©n! ğŸ˜"
"Snack Poca giÃ²n, gÃ³i bÃ© ğŸ˜£"
"CÃ  phÃª Ä‘en Ä‘Ã¡ Ä‘áº­m, sÃ¡ng tá»‰nh! â˜•"
"BÃ¡nh flan caramel má»‹n, nhá» giÃ¡ ğŸ˜…"
"BÃ¡nh mÃ¬ káº¹p thá»‹t giÃ²n, giÃ¡ ráº»! ğŸ‘"
"NÆ°á»›c Ã©p tÃ¡o tÆ°Æ¡i, ngá»t, pha loÃ£ng ğŸ˜•"
"BÃ¡nh chÆ°ng ráº¿ giÃ²n, Táº¿t há»£p! ğŸ‰"
"TrÃ  sá»¯a R&B ngon, topping Ã­t ğŸ˜¬"
"BÃ¡nh táº±m bÃ¬ dáº»o, cá»‘t dá»«a bÃ©o! ğŸ˜"
"Kem Cornetto ngon, á»‘c quáº¿ má»m ğŸ˜£"
"CÆ¡m chiÃªn háº£i sáº£n tÆ¡i, ghiá»n! ğŸ˜‹"
"Sá»¯a chua trÃ¡i cÃ¢y bÃ©o, Ã­t topping ğŸ˜…"
"BÃ¡nh mÃ¬ cháº£ cÃ¡ giÃ²n, giÃ¡ ráº»! ğŸ‘"
"Káº¹o trÃ¡i cÃ¢y Lotte ngá»t, nhÃ¢n táº¡o ğŸ˜•"
"BÃºn thá»‹t nÆ°á»›ng thÆ¡m, máº¯m ngon! ğŸŒŸ"
"NÆ°á»›c chanh dÃ¢y chua ngá»t, Ä‘Ã¡ nhiá»u ğŸ˜¬"
"BÃ¡nh bá»™t lá»c Huáº¿ dai, máº¯m cay! ğŸ˜"
"TrÃ  sá»¯a Gong Cha ngon, giao lÃ¢u ğŸ˜£"
"BÃ¡nh su kem má»m, kem bÃ©o! ğŸ˜‹"
"Socola Ferrero Rocher ngon, giÃ¡ chÃ¡t ğŸ˜…"
"Phá»Ÿ bÃ² Nam Äá»‹nh thÆ¡m, thá»‹t má»m! ğŸ˜"
"Snack Orion giÃ²n, gÃ³i nhá» ğŸ˜•"
"CÃ  phÃª Ä‘en Ä‘Ã¡ Ä‘áº­m, sÃ¡ng tá»‰nh! â˜•"
"BÃ¡nh flan nhÃ  lÃ m má»‹n, ghiá»n! ğŸ˜‹"
"TrÃ  Ä‘Ã o Cá»™ng tÆ°Æ¡i, giÃ¡ cao ğŸ˜¬"
"BÃ¡nh mÃ¬ pate giÃ²n, giÃ¡ ráº»! ğŸ‘"
"NÆ°á»›c Ã©p cam tÆ°Æ¡i, chua, pha Ä‘Æ°á»ng ğŸ˜•"
"BÃ¡nh chÆ°ng lÃ ng DÃ²ng dáº»o, Táº¿t Ä‘áº·t! ğŸ‰"
"Kem TrÃ ng Tiá»n dá»«a ngon, tan nhanh ğŸ˜£"
"BÃ¡nh pÃ­a SÃ³c TrÄƒng dáº»o, nhá»› quÃª! ğŸ¥°"
"Sá»¯a tÆ°Æ¡i TH True Milk thÆ¡m, há»™p lá»›n ğŸ˜…"
"BÃ¡nh quy Cosy giÃ²n, khÃ´ ğŸ˜¬"
CÆ¡m táº¥m SÃ i GÃ²n sÆ°á»n nÆ°á»›ng ngon! ğŸ˜
"TrÃ  sá»¯a PhÃºc Long thÆ¡m, Ä‘Ã¡ng tiá»n! ğŸ˜"
"BÃ¡nh donut J.CO má»m, giÃ¡ chÃ¡t ğŸ˜…"
"NÆ°á»›c mÃ­a Ä‘Æ°á»ng phá»‘ ngá»t, Ä‘Ã£ khÃ¡t! ğŸ¥¤"
"Káº¹o mÃºt Alpenliebe ngá»t, ngÃ¡n ğŸ˜"
"BÃ¡nh xÃ¨o miá»n TÃ¢y giÃ²n, máº¯m ngon! ğŸ˜‹"
"CÃ  phÃª G7 Ä‘áº­m, pha ngá»t ğŸ˜•"
"BÃ¡nh tÃ©t lÃ¡ cáº©m dáº»o, chuá»‘i ngá»t! ğŸ"
"Sá»¯a chua náº¿p cáº©m bÃ©o, Ã­t náº¿p ğŸ˜…"
"BÃ¡nh trÃ¡ng trá»™n cay, mÃª ly! ğŸ˜"
"MÃ¬ Háº£o Háº£o ngon, gÃ³i nhá» ğŸ˜£"
"BÃºn bÃ² Huáº¿ thÆ¡m, cay tÃª! ğŸ”¥"
"Kem Merino bÃ©o, vá»‹ nháº¡t ğŸ˜"
"BÃ¡nh ngá»t Tous Les Jours má»m, giÃ¡ cao ğŸ˜¬"
"TrÃ  xanh C2 thanh mÃ¡t, giÃ¡ ráº»! ğŸŒ¿"
"BÃ¡nh mÃ¬ que ÄÃ  Náºµng giÃ²n, pate bÃ©o! ğŸ˜‹"
"Sá»¯a Ä‘áº­u nÃ nh Fami thÆ¡m, loÃ£ng ğŸ˜•"
"BÃ¡nh cá»‘m HÃ  Ná»™i dáº»o, quÃ  chuáº©n! ğŸ"
"Sting tá»‰nh tÃ¡o, ngá»t gáº¯t ğŸ˜…"
"BÃ¡nh phá»Ÿ khÃ´ dai, láº©u ngon! ğŸ‘"
"Káº¹o dá»«a Báº¿n Tre ngá»t, dÃ­nh rÄƒng ğŸ˜£"
"CÆ¡m chiÃªn dÆ°Æ¡ng chÃ¢u tÆ¡i, ghiá»n! ğŸ˜"
"BÃ¡nh quy LU giÃ²n, giÃ¡ cao ğŸ˜…"
"TrÃ  sá»¯a Ding Tea ngon, Ã­t trÃ  ğŸ˜•"
"BÃ¡nh cháº£ Quáº£ng NgÃ£i ngá»t, nhá»› quÃª! ğŸ¥°"
"NÆ°á»›c Ã©p dá»©a tÆ°Æ¡i, Ä‘Ã¡ nhiá»u ğŸ˜¬"
"BÃ¡nh giáº§y giÃ² dáº»o, Äƒn sÃ¡ng ngon! ğŸ˜‹"
"Socola KitKat ngá»t, nhanh ngÃ¡n ğŸ˜…"
"BÃºn riÃªu cua chua thanh, topping Ä‘áº§y! ğŸŒŸ"
"Snack Oishi tÃ´m chÃ¡y tá»i, gÃ³i nhá» ğŸ˜£"
"CÃ  phÃª Trung NguyÃªn Ä‘áº­m, chuáº©n VN! â˜•"
"Kem chuá»‘i nhÃ  lÃ m bÃ©o, hÆ¡i cá»©ng ğŸ˜…"
"BÃ¡nh cuá»‘n Thanh TrÃ¬ má»ng, máº¯m ngon! ğŸ˜"
"NÆ°á»›c sÃ¢m bá»• lÆ°á»£ng mÃ¡t, ngá»t quÃ¡ ğŸ˜•"
"BÃ¡nh bÃ¨o Huáº¿ má»m, máº¯m cay! ğŸ˜‹"
"TrÃ  sá»¯a TocoToco ngon, topping Ã­t ğŸ˜¬"
"BÃ¡nh ráº¿ Phan Thiáº¿t giÃ²n, sá»‘ 1! ğŸ˜"
"MÃ¬ Shin Ramyun cay, xÃ© há»ng ğŸ˜£"
"CÆ¡m gÃ  Há»™i An thÆ¡m, cháº¥m ngon! ğŸ˜‹"
"Sá»¯a chua mÃ­t bÃ©o, Ã­t mÃ­t ğŸ˜…"
"BÃ¡nh mÃ¬ trá»©ng á»‘p la nÃ³ng, ngon! ğŸ‘"
"Káº¹o Ä‘áº­u phá»™ng ngá»t, dÃ­nh rÄƒng ğŸ˜¬"
"Phá»Ÿ gÃ  HÃ  Ná»™i thanh, Äƒn sÃ¡ng ngon! ğŸ˜"
"NÆ°á»›c cam Ã©p tÆ°Æ¡i, chua, pha Ä‘Æ°á»ng ğŸ˜"
"BÃ¡nh Æ°á»›t thá»‹t nÆ°á»›ng má»m, máº¯m ngon! ğŸŒŸ"
"TrÃ  sá»¯a The Alley Ä‘áº­m, trÃ¢n chÃ¢u cá»©ng ğŸ˜•"
"BÃ¡nh da lá»£n dáº»o, mÃ u Ä‘áº¹p, mÃª! ğŸ˜‹"
"Socola M&Mâ€™s ngon, giÃ¡ Ä‘áº¯t ğŸ˜…"
"BÃºn cháº£ HÃ  Ná»™i thÆ¡m, máº¯m chuáº©n! ğŸ˜"
"Snack Poca giÃ²n, gÃ³i bÃ© ğŸ˜£"
"CÃ  phÃª Ä‘en Ä‘Ã¡ Ä‘áº­m, sÃ¡ng tá»‰nh! â˜•"
"BÃ¡nh flan caramel má»‹n, nhá» giÃ¡ ğŸ˜…"
"BÃ¡nh mÃ¬ káº¹p thá»‹t giÃ²n, giÃ¡ ráº»! ğŸ‘"
"NÆ°á»›c Ã©p tÃ¡o tÆ°Æ¡i, ngá»t, pha loÃ£ng ğŸ˜•"
"BÃ¡nh chÆ°ng ráº¿ giÃ²n, Táº¿t há»£p! ğŸ‰"
"TrÃ  sá»¯a R&B ngon, topping Ã­t ğŸ˜¬"
"BÃ¡nh táº±m bÃ¬ dáº»o, cá»‘t dá»«a bÃ©o! ğŸ˜"
"Kem Cornetto ngon, á»‘c quáº¿ má»m ğŸ˜£"
"CÆ¡m chiÃªn háº£i sáº£n tÆ¡i, ghiá»n! ğŸ˜‹"
"Sá»¯a chua trÃ¡i cÃ¢y bÃ©o, Ã­t topping ğŸ˜…"
"BÃ¡nh mÃ¬ cháº£ cÃ¡ giÃ²n, giÃ¡ ráº»! ğŸ‘"
"Káº¹o trÃ¡i cÃ¢y Lotte ngá»t, nhÃ¢n táº¡o ğŸ˜•"
"BÃºn thá»‹t nÆ°á»›ng thÆ¡m, máº¯m ngon! ğŸŒŸ"
"NÆ°á»›c chanh dÃ¢y chua ngá»t, Ä‘Ã¡ nhiá»u ğŸ˜¬"
"BÃ¡nh bá»™t lá»c Huáº¿ dai, máº¯m cay! ğŸ˜"
"TrÃ  sá»¯a Gong Cha ngon, giao lÃ¢u ğŸ˜£"
"BÃ¡nh su kem má»m, kem bÃ©o! ğŸ˜‹"
"Socola Ferrero Rocher ngon, giÃ¡ chÃ¡t ğŸ˜…"
"Phá»Ÿ bÃ² Nam Äá»‹nh thÆ¡m, thá»‹t má»m! ğŸ˜"
"Snack Orion giÃ²n, gÃ³i nhá» ğŸ˜•"
"CÃ  phÃª Ä‘en Ä‘Ã¡ Ä‘áº­m, sÃ¡ng tá»‰nh! â˜•"
"BÃ¡nh flan nhÃ  lÃ m má»‹n, ghiá»n! ğŸ˜‹"
"TrÃ  Ä‘Ã o Cá»™ng tÆ°Æ¡i, giÃ¡ cao ğŸ˜¬"
"BÃ¡nh mÃ¬ pate giÃ²n, giÃ¡ ráº»! ğŸ‘"
"NÆ°á»›c Ã©p cam tÆ°Æ¡i, chua, pha Ä‘Æ°á»ng ğŸ˜•"
"BÃ¡nh chÆ°ng lÃ ng DÃ²ng dáº»o, Táº¿t Ä‘áº·t! ğŸ‰"
"Kem TrÃ ng Tiá»n dá»«a ngon, tan nhanh ğŸ˜£"
"BÃ¡nh pÃ­a SÃ³c TrÄƒng dáº»o, nhá»› quÃª! ğŸ¥°"
"Sá»¯a tÆ°Æ¡i TH True Milk thÆ¡m, há»™p lá»›n ğŸ˜…"
"BÃ¡nh quy Cosy giÃ²n, khÃ´ ğŸ˜¬"
CÆ¡m táº¥m SÃ i GÃ²n sÆ°á»n nÆ°á»›ng ngon! ğŸ˜
"TrÃ  sá»¯a PhÃºc Long thÆ¡m, Ä‘Ã¡ng tiá»n! ğŸ˜"
"BÃ¡nh donut J.CO má»m, giÃ¡ chÃ¡t ğŸ˜…"
"NÆ°á»›c mÃ­a Ä‘Æ°á»ng phá»‘ ngá»t, Ä‘Ã£ khÃ¡t! ğŸ¥¤"
"Káº¹o mÃºt Alpenliebe ngá»t, ngÃ¡n ğŸ˜"
"BÃ¡nh xÃ¨o miá»n TÃ¢y giÃ²n, máº¯m ngon! ğŸ˜‹"
"CÃ  phÃª G7 Ä‘áº­m, pha ngá»t ğŸ˜•"
"BÃ¡nh tÃ©t lÃ¡ cáº©m dáº»o, chuá»‘i ngá»t! ğŸ"
"Sá»¯a chua náº¿p cáº©m bÃ©o, Ã­t náº¿p ğŸ˜…"
"BÃ¡nh trÃ¡ng trá»™n cay, mÃª ly! ğŸ˜"
"MÃ¬ Háº£o Háº£o ngon, gÃ³i nhá» ğŸ˜£"
"BÃºn bÃ² Huáº¿ thÆ¡m, cay tÃª! ğŸ”¥"
"Kem Merino bÃ©o, vá»‹ nháº¡t ğŸ˜"
"BÃ¡nh ngá»t Tous Les Jours má»m, giÃ¡ cao ğŸ˜¬"
"TrÃ  xanh C2 thanh mÃ¡t, giÃ¡ ráº»! ğŸŒ¿"
"BÃ¡nh mÃ¬ que ÄÃ  Náºµng giÃ²n, pate bÃ©o! ğŸ˜‹"
Fj
"Sá»¯a Ä‘áº­u nÃ nh Fami thÆ¡m, nhÆ°ng loÃ£ng ğŸ˜•"
"BÃ¡nh cá»‘m HÃ  Ná»™i dáº»o, quÃ  chuáº©n! ğŸ"
"Sting tá»‰nh tÃ¡o, ngá»t gáº¯t ğŸ˜…"
"BÃ¡nh phá»Ÿ khÃ´ dai, láº©u ngon! ğŸ‘"
"Káº¹o dá»«a Báº¿n Tre ngá»t, dÃ­nh rÄƒng ğŸ˜£"
"CÆ¡m chiÃªn dÆ°Æ¡ng chÃ¢u tÆ¡i, ghiá»n! ğŸ˜"
"BÃ¡nh quy LU giÃ²n, giÃ¡ cao ğŸ˜…"
"TrÃ  sá»¯a Ding Tea ngon, Ã­t trÃ  ğŸ˜•"
"BÃ¡nh cháº£ Quáº£ng NgÃ£i ngá»t, nhá»› quÃª! ğŸ¥°"
"NÆ°á»›c Ã©p dá»©a tÆ°Æ¡i, Ä‘Ã¡ nhiá»u ğŸ˜¬"
"BÃ¡nh giáº§y giÃ² dáº»o, Äƒn sÃ¡ng ngon! ğŸ˜‹"
"Socola KitKat ngá»t, nhanh ngÃ¡n ğŸ˜…"
"BÃºn riÃªu cua chua thanh, topping Ä‘áº§y! ğŸŒŸ"
"Snack Oishi tÃ´m chÃ¡y tá»i, gÃ³i nhá» ğŸ˜£"
"CÃ  phÃª Trung NguyÃªn Ä‘áº­m, chuáº©n VN! â˜•"
"Kem chuá»‘i nhÃ  lÃ m bÃ©o, hÆ¡i cá»©ng ğŸ˜…"
"BÃ¡nh cuá»‘n Thanh TrÃ¬ má»ng, máº¯m ngon! ğŸ˜"
"NÆ°á»›c sÃ¢m bá»• lÆ°á»£ng mÃ¡t, ngá»t quÃ¡ ğŸ˜•"
"BÃ¡nh bÃ¨o Huáº¿ má»m, máº¯m cay! ğŸ˜‹"
"TrÃ  sá»¯a TocoToco ngon, topping Ã­t ğŸ˜¬"
"BÃ¡nh ráº¿ Phan Thiáº¿t giÃ²n, sá»‘ 1! ğŸ˜"
"MÃ¬ Shin Ramyun cay, xÃ© há»ng ğŸ˜£"
"CÆ¡m gÃ  Há»™i An thÆ¡m, cháº¥m ngon! ğŸ˜‹"
"Sá»¯a chua mÃ­t bÃ©o, Ã­t mÃ­t ğŸ˜…"
"BÃ¡nh mÃ¬ trá»©ng á»‘p la nÃ³ng, ngon! ğŸ‘"
"Káº¹o Ä‘áº­u phá»™ng ngá»t, dÃ­nh rÄƒng ğŸ˜¬"
"Phá»Ÿ gÃ  HÃ  Ná»™i thanh, Äƒn sÃ¡ng ngon! ğŸ˜"
"NÆ°á»›c cam Ã©p tÆ°Æ¡i, chua, pha Ä‘Æ°á»ng ğŸ˜"
"BÃ¡nh Æ°á»›t thá»‹t nÆ°á»›ng má»m, máº¯m ngon! ğŸŒŸ"
"TrÃ  sá»¯a The Alley Ä‘áº­m, trÃ¢n chÃ¢u cá»©ng ğŸ˜•"
"BÃ¡nh da lá»£n dáº»o, mÃ u Ä‘áº¹p, mÃª! ğŸ˜‹"
"Socola M&Mâ€™s ngon, giÃ¡ Ä‘áº¯t ğŸ˜…"
"BÃºn cháº£ HÃ  Ná»™i thÆ¡m, máº¯m chuáº©n! ğŸ˜"
"Snack Poca giÃ²n, gÃ³i bÃ© ğŸ˜£"
"CÃ  phÃª Ä‘en Ä‘Ã¡ Ä‘áº­m, sÃ¡ng tá»‰nh! â˜•"
"BÃ¡nh flan caramel má»‹n, nhá» giÃ¡ ğŸ˜…"
"BÃ¡nh mÃ¬ káº¹p thá»‹t giÃ²n, giÃ¡ ráº»! ğŸ‘"
"NÆ°á»›c Ã©p tÃ¡o tÆ°Æ¡i, ngá»t, pha loÃ£ng ğŸ˜•"
"BÃ¡nh chÆ°ng ráº¿ giÃ²n, Táº¿t há»£p! ğŸ‰"
"TrÃ  sá»¯a R&B ngon, topping Ã­t ğŸ˜¬"
"BÃ¡nh táº±m bÃ¬ dáº»o, cá»‘t dá»«a bÃ©o! ğŸ˜"
"Kem Cornetto ngon, á»‘c quáº¿ má»m ğŸ˜£"
"CÆ¡m chiÃªn háº£i sáº£n tÆ¡i, ghiá»n! ğŸ˜‹"
"Sá»¯a chua trÃ¡i cÃ¢y bÃ©o, Ã­t topping ğŸ˜…"
"BÃ¡nh mÃ¬ cháº£ cÃ¡ giÃ²n, giÃ¡ ráº»! ğŸ‘"
"Káº¹o trÃ¡i cÃ¢y Lotte ngá»t, nhÃ¢n táº¡o ğŸ˜•"
"BÃºn thá»‹t nÆ°á»›ng thÆ¡m, máº¯m ngon! ğŸŒŸ"
"NÆ°á»›c chanh dÃ¢y chua ngá»t, Ä‘Ã¡ nhiá»u ğŸ˜¬"
"BÃ¡nh bá»™t lá»c Huáº¿ dai, máº¯m cay! ğŸ˜"
"TrÃ  sá»¯a Gong Cha ngon, giao lÃ¢u ğŸ˜£"
"BÃ¡nh su kem má»m, kem bÃ©o! ğŸ˜‹"
"Socola Ferrero Rocher ngon, giÃ¡ chÃ¡t ğŸ˜…"
"Phá»Ÿ bÃ² Nam Äá»‹nh thÆ¡m, thá»‹t má»m! ğŸ˜"
"Snack Orion giÃ²n, gÃ³i nhá» ğŸ˜•"
"CÃ  phÃª Ä‘en Ä‘Ã¡ Ä‘áº­m, sÃ¡ng tá»‰nh! â˜•"
"BÃ¡nh flan nhÃ  lÃ m má»‹n, ghiá»n! ğŸ˜‹"
"TrÃ  Ä‘Ã o Cá»™ng tÆ°Æ¡i, giÃ¡ cao ğŸ˜¬"
"BÃ¡nh mÃ¬ pate giÃ²n, giÃ¡ ráº»! ğŸ‘"
"NÆ°á»›c Ã©p cam tÆ°Æ¡i, chua, pha Ä‘Æ°á»ng ğŸ˜•"
"BÃ¡nh chÆ°ng lÃ ng DÃ²ng dáº»o, Táº¿t Ä‘áº·t! ğŸ‰"
"Kem TrÃ ng Tiá»n dá»«a ngon, tan nhanh ğŸ˜£"
"BÃ¡nh pÃ­a SÃ³c TrÄƒng dáº»o, nhá»› quÃª! ğŸ¥°"
"Sá»¯a tÆ°Æ¡i TH True Milk thÆ¡m, há»™p lá»›n ğŸ˜…"
"BÃ¡nh quy Cosy giÃ²n, khÃ´ ğŸ˜¬"
CÆ¡m táº¥m SÃ i GÃ²n sÆ°á»n nÆ°á»›ng ngon! ğŸ˜
"TrÃ  sá»¯a PhÃºc Long thÆ¡m, Ä‘Ã¡ng tiá»n! ğŸ˜"
"BÃ¡nh donut J.CO má»m, giÃ¡ chÃ¡t ğŸ˜…"
"NÆ°á»›c mÃ­a Ä‘Æ°á»ng phá»‘ ngá»t, Ä‘Ã£ khÃ¡t! ğŸ¥¤"
"Káº¹o mÃºt Alpenliebe ngá»t, ngÃ¡n ğŸ˜"
"BÃ¡nh xÃ¨o miá»n TÃ¢y giÃ²n, máº¯m ngon! ğŸ˜‹"
"CÃ  phÃª G7 Ä‘áº­m, pha ngá»t ğŸ˜•"
"BÃ¡nh tÃ©t lÃ¡ cáº©m dáº»o, chuá»‘i ngá»t! ğŸ"
"Sá»¯a chua náº¿p cáº©m bÃ©o, Ã­t náº¿p ğŸ˜…"
"BÃ¡nh trÃ¡ng trá»™n cay, mÃª ly! ğŸ˜"
"MÃ¬ Háº£o Háº£o ngon, gÃ³i nhá» ğŸ˜£"
"BÃºn bÃ² Huáº¿ thÆ¡m, cay tÃª! ğŸ”¥"
"Kem Merino bÃ©o, vá»‹ nháº¡t ğŸ˜"
"BÃ¡nh ngá»t Tous Les Jours má»m, giÃ¡ cao ğŸ˜¬"
"TrÃ  xanh C2 thanh mÃ¡t, giÃ¡ ráº»! ğŸŒ¿"
"BÃ¡nh mÃ¬ que ÄÃ  Náºµng giÃ²n, pate bÃ©o! ğŸ˜‹"
"Sá»¯a Ä‘áº­u nÃ nh Fami thÆ¡m, loÃ£ng ğŸ˜•"
"BÃ¡nh cá»‘m HÃ  Ná»™i dáº»o, quÃ  chuáº©n! ğŸ"
"Sting tá»‰nh tÃ¡o, ngá»t gáº¯t ğŸ˜…"
"BÃ¡nh phá»Ÿ khÃ´ dai, láº©u ngon! ğŸ‘"
"Káº¹o dá»«a Báº¿n Tre ngá»t, dÃ­nh rÄƒng ğŸ˜£"
"CÆ¡m chiÃªn dÆ°Æ¡ng chÃ¢u tÆ¡i, ghiá»n! ğŸ˜"
"BÃ¡nh quy LU giÃ²n, giÃ¡ cao ğŸ˜…"
"TrÃ  sá»¯a Ding Tea ngon, Ã­t"